"Manufacturer","Price","Reference","Name","Category"
"PracWorks","1200","HK-N-20-(black)-(polished)-(rail)","PracWorks Honda K-series Intake Manifold 20° Plenum Black Polished Rail FWD Application-Sidefeed","Home"
"PracWorks","1200","HK-N-20-(black)-(polished)-(none)","PracWorks Honda K-series Intake Manifold 20° Plenum Black Polished FWD Application-Sidefeed","Home"
"PracWorks","1200","HK-N-20-(black)-(matte)-(rail)","PracWorks Honda K-series Intake Manifold 20° Plenum Black Matte Rail FWD Application-Sidefeed","Home"
"PracWorks","1200","HK-N-20-(black)-(matte)-(none)","PracWorks Honda K-series Intake Manifold 20° Plenum Black Matte FWD Application-Sidefeed","Home"
"PracWorks","1200","HK-N-20-(blue)-(polished)-(rail)","PracWorks Honda K-series Intake Manifold 20° Plenum Blue Polished Rail FWD Application-Sidefeed","Home"
"PracWorks","1200","HK-N-20-(blue)-(polished)-(none)","PracWorks Honda K-series Intake Manifold 20° Plenum Blue Polished FWD Application-Sidefeed","Home"
"PracWorks","1200","HK-N-20-(blue)-(matte)-(rail)","PracWorks Honda K-series Intake Manifold 20° Plenum Blue Matte Rail FWD Application-Sidefeed","Home"
"PracWorks","1200","HK-N-20-(blue)-(matte)-(none)","PracWorks Honda K-series Intake Manifold 20° Plenum Blue Matte FWD Application-Sidefeed","Home"
"PracWorks","1200","HK-N-20-(gold)-(polished)-(rail)","PracWorks Honda K-series Intake Manifold 20° Plenum Gold Polished Rail FWD Application-Sidefeed","Home"
"PracWorks","1200","HK-N-20-(gold)-(polished)-(none)","PracWorks Honda K-series Intake Manifold 20° Plenum Gold Polished FWD Application-Sidefeed","Home"
"PracWorks","1200","HK-N-20-(gold)-(matte)-(rail)","PracWorks Honda K-series Intake Manifold 20° Plenum Gold Matte Rail FWD Application-Sidefeed","Home"
"PracWorks","1200","HK-N-20-(gold)-(matte)-(none)","PracWorks Honda K-series Intake Manifold 20° Plenum Gold Matte FWD Application-Sidefeed","Home"
"PracWorks","1200","HK-N-20-(green)-(polished)-(rail)","PracWorks Honda K-series Intake Manifold 20° Plenum Green Polished Rail FWD Application-Sidefeed","Home"
"PracWorks","1200","HK-N-20-(green)-(polished)-(none)","PracWorks Honda K-series Intake Manifold 20° Plenum Green Polished FWD Application-Sidefeed","Home"
"PracWorks","1200","HK-N-20-(green)-(matte)-(rail)","PracWorks Honda K-series Intake Manifold 20° Plenum Green Matte Rail FWD Application-Sidefeed","Home"
"PracWorks","1200","HK-N-20-(green)-(matte)-(none)","PracWorks Honda K-series Intake Manifold 20° Plenum Green Matte FWD Application-Sidefeed","Home"
"PracWorks","1200","HK-N-20-(grey)-(polished)-(rail)","PracWorks Honda K-series Intake Manifold 20° Plenum Grey Polished Rail FWD Application-Sidefeed","Home"
"PracWorks","1200","HK-N-20-(grey)-(polished)-(none)","PracWorks Honda K-series Intake Manifold 20° Plenum Grey Polished FWD Application-Sidefeed","Home"
"PracWorks","1200","HK-N-20-(grey)-(matte)-(rail)","PracWorks Honda K-series Intake Manifold 20° Plenum Grey Matte Rail FWD Application-Sidefeed","Home"
"PracWorks","1200","HK-N-20-(grey)-(matte)-(none)","PracWorks Honda K-series Intake Manifold 20° Plenum Grey Matte FWD Application-Sidefeed","Home"
"PracWorks","1200","HK-N-20-(light blue)-(polished)-(rail)","PracWorks Honda K-series Intake Manifold 20° Plenum Light Blue Polished Rail FWD Application-Sidefeed","Home"
"PracWorks","1200","HK-N-20-(light blue)-(polished)-(none)","PracWorks Honda K-series Intake Manifold 20° Plenum Light Blue Polished FWD Application-Sidefeed","Home"
"PracWorks","1200","HK-N-20-(light blue)-(matte)-(rail)","PracWorks Honda K-series Intake Manifold 20° Plenum Light Blue Matte Rail FWD Application-Sidefeed","Home"
"PracWorks","1200","HK-N-20-(light blue)-(matte)-(none)","PracWorks Honda K-series Intake Manifold 20° Plenum Light Blue Matte FWD Application-Sidefeed","Home"
"PracWorks","1200","HK-N-20-(nickel)-(polished)-(rail)","PracWorks Honda K-series Intake Manifold 20° Plenum Nickel Polished Rail FWD Application-Sidefeed","Home"
"PracWorks","1200","HK-N-20-(nickel)-(polished)-(none)","PracWorks Honda K-series Intake Manifold 20° Plenum Nickel Polished FWD Application-Sidefeed","Home"
"PracWorks","1200","HK-N-20-(nickel)-(matte)-(rail)","PracWorks Honda K-series Intake Manifold 20° Plenum Nickel Matte Rail FWD Application-Sidefeed","Home"
"PracWorks","1200","HK-N-20-(nickel)-(matte)-(none)","PracWorks Honda K-series Intake Manifold 20° Plenum Nickel Matte FWD Application-Sidefeed","Home"
"PracWorks","1200","HK-N-20-(orange)-(polished)-(rail)","PracWorks Honda K-series Intake Manifold 20° Plenum Orange Polished Rail FWD Application-Sidefeed","Home"
"PracWorks","1200","HK-N-20-(orange)-(polished)-(none)","PracWorks Honda K-series Intake Manifold 20° Plenum Orange Polished FWD Application-Sidefeed","Home"
"PracWorks","1200","HK-N-20-(orange)-(matte)-(rail)","PracWorks Honda K-series Intake Manifold 20° Plenum Orange Matte Rail FWD Application-Sidefeed","Home"
"PracWorks","1200","HK-N-20-(orange)-(matte)-(none)","PracWorks Honda K-series Intake Manifold 20° Plenum Orange Matte FWD Application-Sidefeed","Home"
"PracWorks","1200","HK-N-20-(purple)-(polished)-(rail)","PracWorks Honda K-series Intake Manifold 20° Plenum Purple Polished Rail FWD Application-Sidefeed","Home"
"PracWorks","1200","HK-N-20-(purple)-(polished)-(none)","PracWorks Honda K-series Intake Manifold 20° Plenum Purple Polished FWD Application-Sidefeed","Home"
"PracWorks","1200","HK-N-20-(purple)-(matte)-(rail)","PracWorks Honda K-series Intake Manifold 20° Plenum Purple Matte Rail FWD Application-Sidefeed","Home"
"PracWorks","1200","HK-N-20-(purple)-(matte)-(none)","PracWorks Honda K-series Intake Manifold 20° Plenum Purple Matte FWD Application-Sidefeed","Home"
"PracWorks","1200","HK-N-20-(red)-(polished)-(rail)","PracWorks Honda K-series Intake Manifold 20° Plenum Red Polished Rail FWD Application-Sidefeed","Home"
"PracWorks","1200","HK-N-20-(red)-(polished)-(none)","PracWorks Honda K-series Intake Manifold 20° Plenum Red Polished FWD Application-Sidefeed","Home"
"PracWorks","1200","HK-N-20-(red)-(matte)-(rail)","PracWorks Honda K-series Intake Manifold 20° Plenum Red Matte Rail FWD Application-Sidefeed","Home"
"PracWorks","1200","HK-N-20-(red)-(matte)-(none)","PracWorks Honda K-series Intake Manifold 20° Plenum Red Matte FWD Application-Sidefeed","Home"
"PracWorks","1200","HK-N-20-(silver)-(polished)-(rail)","PracWorks Honda K-series Intake Manifold 20° Plenum Silver Polished Rail FWD Application-Sidefeed","Home"
"PracWorks","1200","HK-N-20-(silver)-(polished)-(none)","PracWorks Honda K-series Intake Manifold 20° Plenum Silver Polished FWD Application-Sidefeed","Home"
"PracWorks","1200","HK-N-20-(silver)-(matte)-(rail)","PracWorks Honda K-series Intake Manifold 20° Plenum Silver Matte Rail FWD Application-Sidefeed","Home"
"PracWorks","1200","HK-N-20-(silver)-(matte)-(none)","PracWorks Honda K-series Intake Manifold 20° Plenum Silver Matte FWD Application-Sidefeed","Home"
"PracWorks","1200","HK-L-20-(black)-(polished)-(rail)","PracWorks Honda K-series Intake Manifold 20° Plenum Black Polished Rail FWD Application-Sidefeed-Lowered for K24","Home"
"PracWorks","1200","HK-L-20-(black)-(polished)-(none)","PracWorks Honda K-series Intake Manifold 20° Plenum Black Polished FWD Application-Sidefeed-Lowered for K24","Home"
"PracWorks","1200","HK-L-20-(black)-(matte)-(rail)","PracWorks Honda K-series Intake Manifold 20° Plenum Black Matte Rail FWD Application-Sidefeed-Lowered for K24","Home"
"PracWorks","1200","HK-L-20-(black)-(matte)-(none)","PracWorks Honda K-series Intake Manifold 20° Plenum Black Matte FWD Application-Sidefeed-Lowered for K24","Home"
"PracWorks","1200","HK-L-20-(blue)-(polished)-(rail)","PracWorks Honda K-series Intake Manifold 20° Plenum Blue Polished Rail FWD Application-Sidefeed-Lowered for K24","Home"
"PracWorks","1200","HK-L-20-(blue)-(polished)-(none)","PracWorks Honda K-series Intake Manifold 20° Plenum Blue Polished FWD Application-Sidefeed-Lowered for K24","Home"
"PracWorks","1200","HK-L-20-(blue)-(matte)-(rail)","PracWorks Honda K-series Intake Manifold 20° Plenum Blue Matte Rail FWD Application-Sidefeed-Lowered for K24","Home"
"PracWorks","1200","HK-L-20-(blue)-(matte)-(none)","PracWorks Honda K-series Intake Manifold 20° Plenum Blue Matte FWD Application-Sidefeed-Lowered for K24","Home"
"PracWorks","1200","HK-L-20-(gold)-(polished)-(rail)","PracWorks Honda K-series Intake Manifold 20° Plenum Gold Polished Rail FWD Application-Sidefeed-Lowered for K24","Home"
"PracWorks","1200","HK-L-20-(gold)-(polished)-(none)","PracWorks Honda K-series Intake Manifold 20° Plenum Gold Polished FWD Application-Sidefeed-Lowered for K24","Home"
"PracWorks","1200","HK-L-20-(gold)-(matte)-(rail)","PracWorks Honda K-series Intake Manifold 20° Plenum Gold Matte Rail FWD Application-Sidefeed-Lowered for K24","Home"
"PracWorks","1200","HK-L-20-(gold)-(matte)-(none)","PracWorks Honda K-series Intake Manifold 20° Plenum Gold Matte FWD Application-Sidefeed-Lowered for K24","Home"
"PracWorks","1200","HK-L-20-(green)-(polished)-(rail)","PracWorks Honda K-series Intake Manifold 20° Plenum Green Polished Rail FWD Application-Sidefeed-Lowered for K24","Home"
"PracWorks","1200","HK-L-20-(green)-(polished)-(none)","PracWorks Honda K-series Intake Manifold 20° Plenum Green Polished FWD Application-Sidefeed-Lowered for K24","Home"
"PracWorks","1200","HK-L-20-(green)-(matte)-(rail)","PracWorks Honda K-series Intake Manifold 20° Plenum Green Matte Rail FWD Application-Sidefeed-Lowered for K24","Home"
"PracWorks","1200","HK-L-20-(green)-(matte)-(none)","PracWorks Honda K-series Intake Manifold 20° Plenum Green Matte FWD Application-Sidefeed-Lowered for K24","Home"
"PracWorks","1200","HK-L-20-(grey)-(polished)-(rail)","PracWorks Honda K-series Intake Manifold 20° Plenum Grey Polished Rail FWD Application-Sidefeed-Lowered for K24","Home"
"PracWorks","1200","HK-L-20-(grey)-(polished)-(none)","PracWorks Honda K-series Intake Manifold 20° Plenum Grey Polished FWD Application-Sidefeed-Lowered for K24","Home"
"PracWorks","1200","HK-L-20-(grey)-(matte)-(rail)","PracWorks Honda K-series Intake Manifold 20° Plenum Grey Matte Rail FWD Application-Sidefeed-Lowered for K24","Home"
"PracWorks","1200","HK-L-20-(grey)-(matte)-(none)","PracWorks Honda K-series Intake Manifold 20° Plenum Grey Matte FWD Application-Sidefeed-Lowered for K24","Home"
"PracWorks","1200","HK-L-20-(light blue)-(polished)-(rail)","PracWorks Honda K-series Intake Manifold 20° Plenum Light Blue Polished Rail FWD Application-Sidefeed-Lowered for K24","Home"
"PracWorks","1200","HK-L-20-(light blue)-(polished)-(none)","PracWorks Honda K-series Intake Manifold 20° Plenum Light Blue Polished FWD Application-Sidefeed-Lowered for K24","Home"
"PracWorks","1200","HK-L-20-(light blue)-(matte)-(rail)","PracWorks Honda K-series Intake Manifold 20° Plenum Light Blue Matte Rail FWD Application-Sidefeed-Lowered for K24","Home"
"PracWorks","1200","HK-L-20-(light blue)-(matte)-(none)","PracWorks Honda K-series Intake Manifold 20° Plenum Light Blue Matte FWD Application-Sidefeed-Lowered for K24","Home"
"PracWorks","1200","HK-L-20-(nickel)-(polished)-(rail)","PracWorks Honda K-series Intake Manifold 20° Plenum Nickel Polished Rail FWD Application-Sidefeed-Lowered for K24","Home"
"PracWorks","1200","HK-L-20-(nickel)-(polished)-(none)","PracWorks Honda K-series Intake Manifold 20° Plenum Nickel Polished FWD Application-Sidefeed-Lowered for K24","Home"
"PracWorks","1200","HK-L-20-(nickel)-(matte)-(rail)","PracWorks Honda K-series Intake Manifold 20° Plenum Nickel Matte Rail FWD Application-Sidefeed-Lowered for K24","Home"
"PracWorks","1200","HK-L-20-(nickel)-(matte)-(none)","PracWorks Honda K-series Intake Manifold 20° Plenum Nickel Matte FWD Application-Sidefeed-Lowered for K24","Home"
"PracWorks","1200","HK-L-20-(orange)-(polished)-(rail)","PracWorks Honda K-series Intake Manifold 20° Plenum Orange Polished Rail FWD Application-Sidefeed-Lowered for K24","Home"
"PracWorks","1200","HK-L-20-(orange)-(polished)-(none)","PracWorks Honda K-series Intake Manifold 20° Plenum Orange Polished FWD Application-Sidefeed-Lowered for K24","Home"
"PracWorks","1200","HK-L-20-(orange)-(matte)-(rail)","PracWorks Honda K-series Intake Manifold 20° Plenum Orange Matte Rail FWD Application-Sidefeed-Lowered for K24","Home"
"PracWorks","1200","HK-L-20-(orange)-(matte)-(none)","PracWorks Honda K-series Intake Manifold 20° Plenum Orange Matte FWD Application-Sidefeed-Lowered for K24","Home"
"PracWorks","1200","HK-L-20-(purple)-(polished)-(rail)","PracWorks Honda K-series Intake Manifold 20° Plenum Purple Polished Rail FWD Application-Sidefeed-Lowered for K24","Home"
"PracWorks","1200","HK-L-20-(purple)-(polished)-(none)","PracWorks Honda K-series Intake Manifold 20° Plenum Purple Polished FWD Application-Sidefeed-Lowered for K24","Home"
"PracWorks","1200","HK-L-20-(purple)-(matte)-(rail)","PracWorks Honda K-series Intake Manifold 20° Plenum Purple Matte Rail FWD Application-Sidefeed-Lowered for K24","Home"
"PracWorks","1200","HK-L-20-(purple)-(matte)-(none)","PracWorks Honda K-series Intake Manifold 20° Plenum Purple Matte FWD Application-Sidefeed-Lowered for K24","Home"
"PracWorks","1200","HK-L-20-(red)-(polished)-(rail)","PracWorks Honda K-series Intake Manifold 20° Plenum Red Polished Rail FWD Application-Sidefeed-Lowered for K24","Home"
"PracWorks","1200","HK-L-20-(red)-(polished)-(none)","PracWorks Honda K-series Intake Manifold 20° Plenum Red Polished FWD Application-Sidefeed-Lowered for K24","Home"
"PracWorks","1200","HK-L-20-(red)-(matte)-(rail)","PracWorks Honda K-series Intake Manifold 20° Plenum Red Matte Rail FWD Application-Sidefeed-Lowered for K24","Home"
"PracWorks","1200","HK-L-20-(red)-(matte)-(none)","PracWorks Honda K-series Intake Manifold 20° Plenum Red Matte FWD Application-Sidefeed-Lowered for K24","Home"
"PracWorks","1200","HK-L-20-(silver)-(polished)-(rail)","PracWorks Honda K-series Intake Manifold 20° Plenum Silver Polished Rail FWD Application-Sidefeed-Lowered for K24","Home"
"PracWorks","1200","HK-L-20-(silver)-(polished)-(none)","PracWorks Honda K-series Intake Manifold 20° Plenum Silver Polished FWD Application-Sidefeed-Lowered for K24","Home"
"PracWorks","1200","HK-L-20-(silver)-(matte)-(rail)","PracWorks Honda K-series Intake Manifold 20° Plenum Silver Matte Rail FWD Application-Sidefeed-Lowered for K24","Home"
"PracWorks","1200","HK-L-20-(silver)-(matte)-(none)","PracWorks Honda K-series Intake Manifold 20° Plenum Silver Matte FWD Application-Sidefeed-Lowered for K24","Home"
"PracWorks","1450","HK-N-CTR-(black)-(polished)-(rail)","PracWorks Honda K-series Intake Manifold Centerfeed Black Polished Rail FWD Application-Centerfeed","Home"
"PracWorks","1450","HK-N-CTR-(black)-(polished)-(none)","PracWorks Honda K-series Intake Manifold Centerfeed Black Polished FWD Application-Centerfeed","Home"
"PracWorks","1450","HK-N-CTR-(black)-(matte)-(rail)","PracWorks Honda K-series Intake Manifold Centerfeed Black Matte Rail FWD Application-Centerfeed","Home"
"PracWorks","1450","HK-N-CTR-(black)-(matte)-(none)","PracWorks Honda K-series Intake Manifold Centerfeed Black Matte FWD Application-Centerfeed","Home"
"PracWorks","1450","HK-N-CTR-(blue)-(polished)-(rail)","PracWorks Honda K-series Intake Manifold Centerfeed Blue Polished Rail FWD Application-Centerfeed","Home"
"PracWorks","1450","HK-N-CTR-(blue)-(polished)-(none)","PracWorks Honda K-series Intake Manifold Centerfeed Blue Polished FWD Application-Centerfeed","Home"
"PracWorks","1450","HK-N-CTR-(blue)-(matte)-(rail)","PracWorks Honda K-series Intake Manifold Centerfeed Blue Matte Rail FWD Application-Centerfeed","Home"
"PracWorks","1450","HK-N-CTR-(blue)-(matte)-(none)","PracWorks Honda K-series Intake Manifold Centerfeed Blue Matte FWD Application-Centerfeed","Home"
"PracWorks","1450","HK-N-CTR-(gold)-(polished)-(rail)","PracWorks Honda K-series Intake Manifold Centerfeed Gold Polished Rail FWD Application-Centerfeed","Home"
"PracWorks","1450","HK-N-CTR-(gold)-(polished)-(none)","PracWorks Honda K-series Intake Manifold Centerfeed Gold Polished FWD Application-Centerfeed","Home"
"PracWorks","1450","HK-N-CTR-(gold)-(matte)-(rail)","PracWorks Honda K-series Intake Manifold Centerfeed Gold Matte Rail FWD Application-Centerfeed","Home"
"PracWorks","1450","HK-N-CTR-(gold)-(matte)-(none)","PracWorks Honda K-series Intake Manifold Centerfeed Gold Matte FWD Application-Centerfeed","Home"
"PracWorks","1450","HK-N-CTR-(green)-(polished)-(rail)","PracWorks Honda K-series Intake Manifold Centerfeed Green Polished Rail FWD Application-Centerfeed","Home"
"PracWorks","1450","HK-N-CTR-(green)-(polished)-(none)","PracWorks Honda K-series Intake Manifold Centerfeed Green Polished FWD Application-Centerfeed","Home"
"PracWorks","1450","HK-N-CTR-(green)-(matte)-(rail)","PracWorks Honda K-series Intake Manifold Centerfeed Green Matte Rail FWD Application-Centerfeed","Home"
"PracWorks","1450","HK-N-CTR-(green)-(matte)-(none)","PracWorks Honda K-series Intake Manifold Centerfeed Green Matte FWD Application-Centerfeed","Home"
"PracWorks","1450","HK-N-CTR-(grey)-(polished)-(rail)","PracWorks Honda K-series Intake Manifold Centerfeed Grey Polished Rail FWD Application-Centerfeed","Home"
"PracWorks","1450","HK-N-CTR-(grey)-(polished)-(none)","PracWorks Honda K-series Intake Manifold Centerfeed Grey Polished FWD Application-Centerfeed","Home"
"PracWorks","1450","HK-N-CTR-(grey)-(matte)-(rail)","PracWorks Honda K-series Intake Manifold Centerfeed Grey Matte Rail FWD Application-Centerfeed","Home"
"PracWorks","1450","HK-N-CTR-(grey)-(matte)-(none)","PracWorks Honda K-series Intake Manifold Centerfeed Grey Matte FWD Application-Centerfeed","Home"
"PracWorks","1450","HK-N-CTR-(light blue)-(polished)-(rail)","PracWorks Honda K-series Intake Manifold Centerfeed Light Blue Polished Rail FWD Application-Centerfeed","Home"
"PracWorks","1450","HK-N-CTR-(light blue)-(polished)-(none)","PracWorks Honda K-series Intake Manifold Centerfeed Light Blue Polished FWD Application-Centerfeed","Home"
"PracWorks","1450","HK-N-CTR-(light blue)-(matte)-(rail)","PracWorks Honda K-series Intake Manifold Centerfeed Light Blue Matte Rail FWD Application-Centerfeed","Home"
"PracWorks","1450","HK-N-CTR-(light blue)-(matte)-(none)","PracWorks Honda K-series Intake Manifold Centerfeed Light Blue Matte FWD Application-Centerfeed","Home"
"PracWorks","1450","HK-N-CTR-(nickel)-(polished)-(rail)","PracWorks Honda K-series Intake Manifold Centerfeed Nickel Polished Rail FWD Application-Centerfeed","Home"
"PracWorks","1450","HK-N-CTR-(nickel)-(polished)-(none)","PracWorks Honda K-series Intake Manifold Centerfeed Nickel Polished FWD Application-Centerfeed","Home"
"PracWorks","1450","HK-N-CTR-(nickel)-(matte)-(rail)","PracWorks Honda K-series Intake Manifold Centerfeed Nickel Matte Rail FWD Application-Centerfeed","Home"
"PracWorks","1450","HK-N-CTR-(nickel)-(matte)-(none)","PracWorks Honda K-series Intake Manifold Centerfeed Nickel Matte FWD Application-Centerfeed","Home"
"PracWorks","1450","HK-N-CTR-(orange)-(polished)-(rail)","PracWorks Honda K-series Intake Manifold Centerfeed Orange Polished Rail FWD Application-Centerfeed","Home"
"PracWorks","1450","HK-N-CTR-(orange)-(polished)-(none)","PracWorks Honda K-series Intake Manifold Centerfeed Orange Polished FWD Application-Centerfeed","Home"
"PracWorks","1450","HK-N-CTR-(orange)-(matte)-(rail)","PracWorks Honda K-series Intake Manifold Centerfeed Orange Matte Rail FWD Application-Centerfeed","Home"
"PracWorks","1450","HK-N-CTR-(orange)-(matte)-(none)","PracWorks Honda K-series Intake Manifold Centerfeed Orange Matte FWD Application-Centerfeed","Home"
"PracWorks","1450","HK-N-CTR-(purple)-(polished)-(rail)","PracWorks Honda K-series Intake Manifold Centerfeed Purple Polished Rail FWD Application-Centerfeed","Home"
"PracWorks","1450","HK-N-CTR-(purple)-(polished)-(none)","PracWorks Honda K-series Intake Manifold Centerfeed Purple Polished FWD Application-Centerfeed","Home"
"PracWorks","1450","HK-N-CTR-(purple)-(matte)-(rail)","PracWorks Honda K-series Intake Manifold Centerfeed Purple Matte Rail FWD Application-Centerfeed","Home"
"PracWorks","1450","HK-N-CTR-(purple)-(matte)-(none)","PracWorks Honda K-series Intake Manifold Centerfeed Purple Matte FWD Application-Centerfeed","Home"
"PracWorks","1450","HK-N-CTR-(red)-(polished)-(rail)","PracWorks Honda K-series Intake Manifold Centerfeed Red Polished Rail FWD Application-Centerfeed","Home"
"PracWorks","1450","HK-N-CTR-(red)-(polished)-(none)","PracWorks Honda K-series Intake Manifold Centerfeed Red Polished FWD Application-Centerfeed","Home"
"PracWorks","1450","HK-N-CTR-(red)-(matte)-(rail)","PracWorks Honda K-series Intake Manifold Centerfeed Red Matte Rail FWD Application-Centerfeed","Home"
"PracWorks","1450","HK-N-CTR-(red)-(matte)-(none)","PracWorks Honda K-series Intake Manifold Centerfeed Red Matte FWD Application-Centerfeed","Home"
"PracWorks","1450","HK-N-CTR-(silver)-(polished)-(rail)","PracWorks Honda K-series Intake Manifold Centerfeed Silver Polished Rail FWD Application-Centerfeed","Home"
"PracWorks","1450","HK-N-CTR-(silver)-(polished)-(none)","PracWorks Honda K-series Intake Manifold Centerfeed Silver Polished FWD Application-Centerfeed","Home"
"PracWorks","1450","HK-N-CTR-(silver)-(matte)-(rail)","PracWorks Honda K-series Intake Manifold Centerfeed Silver Matte Rail FWD Application-Centerfeed","Home"
"PracWorks","1450","HK-N-CTR-(silver)-(matte)-(none)","PracWorks Honda K-series Intake Manifold Centerfeed Silver Matte FWD Application-Centerfeed","Home"
"PracWorks","1300","HK-R-00-(black)-(polished)-(rail)","PracWorks Honda K-series RWD Intake Manifold Black Polished Rail RWD Application","Home"
"PracWorks","1300","HK-R-00-(black)-(polished)-(none)","PracWorks Honda K-series RWD Intake Manifold Black Polished RWD Application","Home"
"PracWorks","1300","HK-R-00-(black)-(matte)-(rail)","PracWorks Honda K-series RWD Intake Manifold Black Matte Rail RWD Application","Home"
"PracWorks","1300","HK-R-00-(black)-(matte)-(none)","PracWorks Honda K-series RWD Intake Manifold Black Matte RWD Application","Home"
"PracWorks","1300","HK-R-00-(blue)-(polished)-(rail)","PracWorks Honda K-series RWD Intake Manifold Blue Polished Rail RWD Application","Home"
"PracWorks","1300","HK-R-00-(blue)-(polished)-(none)","PracWorks Honda K-series RWD Intake Manifold Blue Polished RWD Application","Home"
"PracWorks","1300","HK-R-00-(blue)-(matte)-(rail)","PracWorks Honda K-series RWD Intake Manifold Blue Matte Rail RWD Application","Home"
"PracWorks","1300","HK-R-00-(blue)-(matte)-(none)","PracWorks Honda K-series RWD Intake Manifold Blue Matte RWD Application","Home"
"PracWorks","1300","HK-R-00-(gold)-(polished)-(rail)","PracWorks Honda K-series RWD Intake Manifold Gold Polished Rail RWD Application","Home"
"PracWorks","1300","HK-R-00-(gold)-(polished)-(none)","PracWorks Honda K-series RWD Intake Manifold Gold Polished RWD Application","Home"
"PracWorks","1300","HK-R-00-(gold)-(matte)-(rail)","PracWorks Honda K-series RWD Intake Manifold Gold Matte Rail RWD Application","Home"
"PracWorks","1300","HK-R-00-(gold)-(matte)-(none)","PracWorks Honda K-series RWD Intake Manifold Gold Matte RWD Application","Home"
"PracWorks","1300","HK-R-00-(green)-(polished)-(rail)","PracWorks Honda K-series RWD Intake Manifold Green Polished Rail RWD Application","Home"
"PracWorks","1300","HK-R-00-(green)-(polished)-(none)","PracWorks Honda K-series RWD Intake Manifold Green Polished RWD Application","Home"
"PracWorks","1300","HK-R-00-(green)-(matte)-(rail)","PracWorks Honda K-series RWD Intake Manifold Green Matte Rail RWD Application","Home"
"PracWorks","1300","HK-R-00-(green)-(matte)-(none)","PracWorks Honda K-series RWD Intake Manifold Green Matte RWD Application","Home"
"PracWorks","1300","HK-R-00-(grey)-(polished)-(rail)","PracWorks Honda K-series RWD Intake Manifold Grey Polished Rail RWD Application","Home"
"PracWorks","1300","HK-R-00-(grey)-(polished)-(none)","PracWorks Honda K-series RWD Intake Manifold Grey Polished RWD Application","Home"
"PracWorks","1300","HK-R-00-(grey)-(matte)-(rail)","PracWorks Honda K-series RWD Intake Manifold Grey Matte Rail RWD Application","Home"
"PracWorks","1300","HK-R-00-(grey)-(matte)-(none)","PracWorks Honda K-series RWD Intake Manifold Grey Matte RWD Application","Home"
"PracWorks","1300","HK-R-00-(light blue)-(polished)-(rail)","PracWorks Honda K-series RWD Intake Manifold Light Blue Polished Rail RWD Application","Home"
"PracWorks","1300","HK-R-00-(light blue)-(polished)-(none)","PracWorks Honda K-series RWD Intake Manifold Light Blue Polished RWD Application","Home"
"PracWorks","1300","HK-R-00-(light blue)-(matte)-(rail)","PracWorks Honda K-series RWD Intake Manifold Light Blue Matte Rail RWD Application","Home"
"PracWorks","1300","HK-R-00-(light blue)-(matte)-(none)","PracWorks Honda K-series RWD Intake Manifold Light Blue Matte RWD Application","Home"
"PracWorks","1300","HK-R-00-(nickel)-(polished)-(rail)","PracWorks Honda K-series RWD Intake Manifold Nickel Polished Rail RWD Application","Home"
"PracWorks","1300","HK-R-00-(nickel)-(polished)-(none)","PracWorks Honda K-series RWD Intake Manifold Nickel Polished RWD Application","Home"
"PracWorks","1300","HK-R-00-(nickel)-(matte)-(rail)","PracWorks Honda K-series RWD Intake Manifold Nickel Matte Rail RWD Application","Home"
"PracWorks","1300","HK-R-00-(nickel)-(matte)-(none)","PracWorks Honda K-series RWD Intake Manifold Nickel Matte RWD Application","Home"
"PracWorks","1300","HK-R-00-(orange)-(polished)-(rail)","PracWorks Honda K-series RWD Intake Manifold Orange Polished Rail RWD Application","Home"
"PracWorks","1300","HK-R-00-(orange)-(polished)-(none)","PracWorks Honda K-series RWD Intake Manifold Orange Polished RWD Application","Home"
"PracWorks","1300","HK-R-00-(orange)-(matte)-(rail)","PracWorks Honda K-series RWD Intake Manifold Orange Matte Rail RWD Application","Home"
"PracWorks","1300","HK-R-00-(orange)-(matte)-(none)","PracWorks Honda K-series RWD Intake Manifold Orange Matte RWD Application","Home"
"PracWorks","1300","HK-R-00-(purple)-(polished)-(rail)","PracWorks Honda K-series RWD Intake Manifold Purple Polished Rail RWD Application","Home"
"PracWorks","1300","HK-R-00-(purple)-(polished)-(none)","PracWorks Honda K-series RWD Intake Manifold Purple Polished RWD Application","Home"
"PracWorks","1300","HK-R-00-(purple)-(matte)-(rail)","PracWorks Honda K-series RWD Intake Manifold Purple Matte Rail RWD Application","Home"
"PracWorks","1300","HK-R-00-(purple)-(matte)-(none)","PracWorks Honda K-series RWD Intake Manifold Purple Matte RWD Application","Home"
"PracWorks","1300","HK-R-00-(red)-(polished)-(rail)","PracWorks Honda K-series RWD Intake Manifold Red Polished Rail RWD Application","Home"
"PracWorks","1300","HK-R-00-(red)-(polished)-(none)","PracWorks Honda K-series RWD Intake Manifold Red Polished RWD Application","Home"
"PracWorks","1300","HK-R-00-(red)-(matte)-(rail)","PracWorks Honda K-series RWD Intake Manifold Red Matte Rail RWD Application","Home"
"PracWorks","1300","HK-R-00-(red)-(matte)-(none)","PracWorks Honda K-series RWD Intake Manifold Red Matte RWD Application","Home"
"PracWorks","1300","HK-R-00-(silver)-(polished)-(rail)","PracWorks Honda K-series RWD Intake Manifold Silver Polished Rail RWD Application","Home"
"PracWorks","1300","HK-R-00-(silver)-(polished)-(none)","PracWorks Honda K-series RWD Intake Manifold Silver Polished RWD Application","Home"
"PracWorks","1300","HK-R-00-(silver)-(matte)-(rail)","PracWorks Honda K-series RWD Intake Manifold Silver Matte Rail RWD Application","Home"
"PracWorks","1300","HK-R-00-(silver)-(matte)-(none)","PracWorks Honda K-series RWD Intake Manifold Silver Matte RWD Application","Home"
"PracWorks","1350","HF-N-00-(black)-(polished)-(rail)","PracWorks Honda S2000 Intake Manifold Black Polished Rail Honda S2000 AP1, Ap1.5 & AP2","Home"
"PracWorks","1350","HF-N-00-(black)-(polished)-(none)","PracWorks Honda S2000 Intake Manifold Black Polished Honda S2000 AP1, Ap1.5 & AP2","Home"
"PracWorks","1350","HF-N-00-(black)-(matte)-(rail)","PracWorks Honda S2000 Intake Manifold Black Matte Rail Honda S2000 AP1, Ap1.5 & AP2","Home"
"PracWorks","1350","HF-N-00-(black)-(matte)-(none)","PracWorks Honda S2000 Intake Manifold Black Matte Honda S2000 AP1, Ap1.5 & AP2","Home"
"PracWorks","1350","HF-N-00-(blue)-(polished)-(rail)","PracWorks Honda S2000 Intake Manifold Blue Polished Rail Honda S2000 AP1, Ap1.5 & AP2","Home"
"PracWorks","1350","HF-N-00-(blue)-(polished)-(none)","PracWorks Honda S2000 Intake Manifold Blue Polished Honda S2000 AP1, Ap1.5 & AP2","Home"
"PracWorks","1350","HF-N-00-(blue)-(matte)-(rail)","PracWorks Honda S2000 Intake Manifold Blue Matte Rail Honda S2000 AP1, Ap1.5 & AP2","Home"
"PracWorks","1350","HF-N-00-(blue)-(matte)-(none)","PracWorks Honda S2000 Intake Manifold Blue Matte Honda S2000 AP1, Ap1.5 & AP2","Home"
"PracWorks","1350","HF-N-00-(gold)-(polished)-(rail)","PracWorks Honda S2000 Intake Manifold Gold Polished Rail Honda S2000 AP1, Ap1.5 & AP2","Home"
"PracWorks","1350","HF-N-00-(gold)-(polished)-(none)","PracWorks Honda S2000 Intake Manifold Gold Polished Honda S2000 AP1, Ap1.5 & AP2","Home"
"PracWorks","1350","HF-N-00-(gold)-(matte)-(rail)","PracWorks Honda S2000 Intake Manifold Gold Matte Rail Honda S2000 AP1, Ap1.5 & AP2","Home"
"PracWorks","1350","HF-N-00-(gold)-(matte)-(none)","PracWorks Honda S2000 Intake Manifold Gold Matte Honda S2000 AP1, Ap1.5 & AP2","Home"
"PracWorks","1350","HF-N-00-(green)-(polished)-(rail)","PracWorks Honda S2000 Intake Manifold Green Polished Rail Honda S2000 AP1, Ap1.5 & AP2","Home"
"PracWorks","1350","HF-N-00-(green)-(polished)-(none)","PracWorks Honda S2000 Intake Manifold Green Polished Honda S2000 AP1, Ap1.5 & AP2","Home"
"PracWorks","1350","HF-N-00-(green)-(matte)-(rail)","PracWorks Honda S2000 Intake Manifold Green Matte Rail Honda S2000 AP1, Ap1.5 & AP2","Home"
"PracWorks","1350","HF-N-00-(green)-(matte)-(none)","PracWorks Honda S2000 Intake Manifold Green Matte Honda S2000 AP1, Ap1.5 & AP2","Home"
"PracWorks","1350","HF-N-00-(grey)-(polished)-(rail)","PracWorks Honda S2000 Intake Manifold Grey Polished Rail Honda S2000 AP1, Ap1.5 & AP2","Home"
"PracWorks","1350","HF-N-00-(grey)-(polished)-(none)","PracWorks Honda S2000 Intake Manifold Grey Polished Honda S2000 AP1, Ap1.5 & AP2","Home"
"PracWorks","1350","HF-N-00-(grey)-(matte)-(rail)","PracWorks Honda S2000 Intake Manifold Grey Matte Rail Honda S2000 AP1, Ap1.5 & AP2","Home"
"PracWorks","1350","HF-N-00-(grey)-(matte)-(none)","PracWorks Honda S2000 Intake Manifold Grey Matte Honda S2000 AP1, Ap1.5 & AP2","Home"
"PracWorks","1350","HF-N-00-(light blue)-(polished)-(rail)","PracWorks Honda S2000 Intake Manifold Light Blue Polished Rail Honda S2000 AP1, Ap1.5 & AP2","Home"
"PracWorks","1350","HF-N-00-(light blue)-(polished)-(none)","PracWorks Honda S2000 Intake Manifold Light Blue Polished Honda S2000 AP1, Ap1.5 & AP2","Home"
"PracWorks","1350","HF-N-00-(light blue)-(matte)-(rail)","PracWorks Honda S2000 Intake Manifold Light Blue Matte Rail Honda S2000 AP1, Ap1.5 & AP2","Home"
"PracWorks","1350","HF-N-00-(light blue)-(matte)-(none)","PracWorks Honda S2000 Intake Manifold Light Blue Matte Honda S2000 AP1, Ap1.5 & AP2","Home"
"PracWorks","1350","HF-N-00-(nickel)-(polished)-(rail)","PracWorks Honda S2000 Intake Manifold Nickel Polished Rail Honda S2000 AP1, Ap1.5 & AP2","Home"
"PracWorks","1350","HF-N-00-(nickel)-(polished)-(none)","PracWorks Honda S2000 Intake Manifold Nickel Polished Honda S2000 AP1, Ap1.5 & AP2","Home"
"PracWorks","1350","HF-N-00-(nickel)-(matte)-(rail)","PracWorks Honda S2000 Intake Manifold Nickel Matte Rail Honda S2000 AP1, Ap1.5 & AP2","Home"
"PracWorks","1350","HF-N-00-(nickel)-(matte)-(none)","PracWorks Honda S2000 Intake Manifold Nickel Matte Honda S2000 AP1, Ap1.5 & AP2","Home"
"PracWorks","1350","HF-N-00-(orange)-(polished)-(rail)","PracWorks Honda S2000 Intake Manifold Orange Polished Rail Honda S2000 AP1, Ap1.5 & AP2","Home"
"PracWorks","1350","HF-N-00-(orange)-(polished)-(none)","PracWorks Honda S2000 Intake Manifold Orange Polished Honda S2000 AP1, Ap1.5 & AP2","Home"
"PracWorks","1350","HF-N-00-(orange)-(matte)-(rail)","PracWorks Honda S2000 Intake Manifold Orange Matte Rail Honda S2000 AP1, Ap1.5 & AP2","Home"
"PracWorks","1350","HF-N-00-(orange)-(matte)-(none)","PracWorks Honda S2000 Intake Manifold Orange Matte Honda S2000 AP1, Ap1.5 & AP2","Home"
"PracWorks","1350","HF-N-00-(purple)-(polished)-(rail)","PracWorks Honda S2000 Intake Manifold Purple Polished Rail Honda S2000 AP1, Ap1.5 & AP2","Home"
"PracWorks","1350","HF-N-00-(purple)-(polished)-(none)","PracWorks Honda S2000 Intake Manifold Purple Polished Honda S2000 AP1, Ap1.5 & AP2","Home"
"PracWorks","1350","HF-N-00-(purple)-(matte)-(rail)","PracWorks Honda S2000 Intake Manifold Purple Matte Rail Honda S2000 AP1, Ap1.5 & AP2","Home"
"PracWorks","1350","HF-N-00-(purple)-(matte)-(none)","PracWorks Honda S2000 Intake Manifold Purple Matte Honda S2000 AP1, Ap1.5 & AP2","Home"
"PracWorks","1350","HF-N-00-(red)-(polished)-(rail)","PracWorks Honda S2000 Intake Manifold Red Polished Rail Honda S2000 AP1, Ap1.5 & AP2","Home"
"PracWorks","1350","HF-N-00-(red)-(polished)-(none)","PracWorks Honda S2000 Intake Manifold Red Polished Honda S2000 AP1, Ap1.5 & AP2","Home"
"PracWorks","1350","HF-N-00-(red)-(matte)-(rail)","PracWorks Honda S2000 Intake Manifold Red Matte Rail Honda S2000 AP1, Ap1.5 & AP2","Home"
"PracWorks","1350","HF-N-00-(red)-(matte)-(none)","PracWorks Honda S2000 Intake Manifold Red Matte Honda S2000 AP1, Ap1.5 & AP2","Home"
"PracWorks","1350","HF-N-00-(silver)-(polished)-(rail)","PracWorks Honda S2000 Intake Manifold Silver Polished Rail Honda S2000 AP1, Ap1.5 & AP2","Home"
"PracWorks","1350","HF-N-00-(silver)-(polished)-(none)","PracWorks Honda S2000 Intake Manifold Silver Polished Honda S2000 AP1, Ap1.5 & AP2","Home"
"PracWorks","1350","HF-N-00-(silver)-(matte)-(rail)","PracWorks Honda S2000 Intake Manifold Silver Matte Rail Honda S2000 AP1, Ap1.5 & AP2","Home"
"PracWorks","1350","HF-N-00-(silver)-(matte)-(none)","PracWorks Honda S2000 Intake Manifold Silver Matte Honda S2000 AP1, Ap1.5 & AP2","Home"
"PracWorks","1200","HB-N-20-(black)-(polished)-(rail)","PracWorks Honda B-Series Intake Manifold Black Polished Rail B-series GSR and Type R","Home"
"PracWorks","1200","HB-N-20-(black)-(polished)-(none)","PracWorks Honda B-Series Intake Manifold Black Polished B-series GSR and Type R","Home"
"PracWorks","1200","HB-N-20-(black)-(matte)-(rail)","PracWorks Honda B-Series Intake Manifold Black Matte Rail B-series GSR and Type R","Home"
"PracWorks","1200","HB-N-20-(black)-(matte)-(none)","PracWorks Honda B-Series Intake Manifold Black Matte B-series GSR and Type R","Home"
"PracWorks","1200","HB-N-20-(blue)-(polished)-(rail)","PracWorks Honda B-Series Intake Manifold Blue Polished Rail B-series GSR and Type R","Home"
"PracWorks","1200","HB-N-20-(blue)-(polished)-(none)","PracWorks Honda B-Series Intake Manifold Blue Polished B-series GSR and Type R","Home"
"PracWorks","1200","HB-N-20-(blue)-(matte)-(rail)","PracWorks Honda B-Series Intake Manifold Blue Matte Rail B-series GSR and Type R","Home"
"PracWorks","1200","HB-N-20-(blue)-(matte)-(none)","PracWorks Honda B-Series Intake Manifold Blue Matte B-series GSR and Type R","Home"
"PracWorks","1200","HB-N-20-(gold)-(polished)-(rail)","PracWorks Honda B-Series Intake Manifold Gold Polished Rail B-series GSR and Type R","Home"
"PracWorks","1200","HB-N-20-(gold)-(polished)-(none)","PracWorks Honda B-Series Intake Manifold Gold Polished B-series GSR and Type R","Home"
"PracWorks","1200","HB-N-20-(gold)-(matte)-(rail)","PracWorks Honda B-Series Intake Manifold Gold Matte Rail B-series GSR and Type R","Home"
"PracWorks","1200","HB-N-20-(gold)-(matte)-(none)","PracWorks Honda B-Series Intake Manifold Gold Matte B-series GSR and Type R","Home"
"PracWorks","1200","HB-N-20-(green)-(polished)-(rail)","PracWorks Honda B-Series Intake Manifold Green Polished Rail B-series GSR and Type R","Home"
"PracWorks","1200","HB-N-20-(green)-(polished)-(none)","PracWorks Honda B-Series Intake Manifold Green Polished B-series GSR and Type R","Home"
"PracWorks","1200","HB-N-20-(green)-(matte)-(rail)","PracWorks Honda B-Series Intake Manifold Green Matte Rail B-series GSR and Type R","Home"
"PracWorks","1200","HB-N-20-(green)-(matte)-(none)","PracWorks Honda B-Series Intake Manifold Green Matte B-series GSR and Type R","Home"
"PracWorks","1200","HB-N-20-(grey)-(polished)-(rail)","PracWorks Honda B-Series Intake Manifold Grey Polished Rail B-series GSR and Type R","Home"
"PracWorks","1200","HB-N-20-(grey)-(polished)-(none)","PracWorks Honda B-Series Intake Manifold Grey Polished B-series GSR and Type R","Home"
"PracWorks","1200","HB-N-20-(grey)-(matte)-(rail)","PracWorks Honda B-Series Intake Manifold Grey Matte Rail B-series GSR and Type R","Home"
"PracWorks","1200","HB-N-20-(grey)-(matte)-(none)","PracWorks Honda B-Series Intake Manifold Grey Matte B-series GSR and Type R","Home"
"PracWorks","1200","HB-N-20-(light blue)-(polished)-(rail)","PracWorks Honda B-Series Intake Manifold Light Blue Polished Rail B-series GSR and Type R","Home"
"PracWorks","1200","HB-N-20-(light blue)-(polished)-(none)","PracWorks Honda B-Series Intake Manifold Light Blue Polished B-series GSR and Type R","Home"
"PracWorks","1200","HB-N-20-(light blue)-(matte)-(rail)","PracWorks Honda B-Series Intake Manifold Light Blue Matte Rail B-series GSR and Type R","Home"
"PracWorks","1200","HB-N-20-(light blue)-(matte)-(none)","PracWorks Honda B-Series Intake Manifold Light Blue Matte B-series GSR and Type R","Home"
"PracWorks","1200","HB-N-20-(nickel)-(polished)-(rail)","PracWorks Honda B-Series Intake Manifold Nickel Polished Rail B-series GSR and Type R","Home"
"PracWorks","1200","HB-N-20-(nickel)-(polished)-(none)","PracWorks Honda B-Series Intake Manifold Nickel Polished B-series GSR and Type R","Home"
"PracWorks","1200","HB-N-20-(nickel)-(matte)-(rail)","PracWorks Honda B-Series Intake Manifold Nickel Matte Rail B-series GSR and Type R","Home"
"PracWorks","1200","HB-N-20-(nickel)-(matte)-(none)","PracWorks Honda B-Series Intake Manifold Nickel Matte B-series GSR and Type R","Home"
"PracWorks","1200","HB-N-20-(orange)-(polished)-(rail)","PracWorks Honda B-Series Intake Manifold Orange Polished Rail B-series GSR and Type R","Home"
"PracWorks","1200","HB-N-20-(orange)-(polished)-(none)","PracWorks Honda B-Series Intake Manifold Orange Polished B-series GSR and Type R","Home"
"PracWorks","1200","HB-N-20-(orange)-(matte)-(rail)","PracWorks Honda B-Series Intake Manifold Orange Matte Rail B-series GSR and Type R","Home"
"PracWorks","1200","HB-N-20-(orange)-(matte)-(none)","PracWorks Honda B-Series Intake Manifold Orange Matte B-series GSR and Type R","Home"
"PracWorks","1200","HB-N-20-(purple)-(polished)-(rail)","PracWorks Honda B-Series Intake Manifold Purple Polished Rail B-series GSR and Type R","Home"
"PracWorks","1200","HB-N-20-(purple)-(polished)-(none)","PracWorks Honda B-Series Intake Manifold Purple Polished B-series GSR and Type R","Home"
"PracWorks","1200","HB-N-20-(purple)-(matte)-(rail)","PracWorks Honda B-Series Intake Manifold Purple Matte Rail B-series GSR and Type R","Home"
"PracWorks","1200","HB-N-20-(purple)-(matte)-(none)","PracWorks Honda B-Series Intake Manifold Purple Matte B-series GSR and Type R","Home"
"PracWorks","1200","HB-N-20-(red)-(polished)-(rail)","PracWorks Honda B-Series Intake Manifold Red Polished Rail B-series GSR and Type R","Home"
"PracWorks","1200","HB-N-20-(red)-(polished)-(none)","PracWorks Honda B-Series Intake Manifold Red Polished B-series GSR and Type R","Home"
"PracWorks","1200","HB-N-20-(red)-(matte)-(rail)","PracWorks Honda B-Series Intake Manifold Red Matte Rail B-series GSR and Type R","Home"
"PracWorks","1200","HB-N-20-(red)-(matte)-(none)","PracWorks Honda B-Series Intake Manifold Red Matte B-series GSR and Type R","Home"
"PracWorks","1200","HB-N-20-(silver)-(polished)-(rail)","PracWorks Honda B-Series Intake Manifold Silver Polished Rail B-series GSR and Type R","Home"
"PracWorks","1200","HB-N-20-(silver)-(polished)-(none)","PracWorks Honda B-Series Intake Manifold Silver Polished B-series GSR and Type R","Home"
"PracWorks","1200","HB-N-20-(silver)-(matte)-(rail)","PracWorks Honda B-Series Intake Manifold Silver Matte Rail B-series GSR and Type R","Home"
"PracWorks","1200","HB-N-20-(silver)-(matte)-(none)","PracWorks Honda B-Series Intake Manifold Silver Matte B-series GSR and Type R","Home"
"PracWorks","1550","HX-N-00-(black)-(polished)","PracWorks Honda K20C1 Intake Manifold Black Polished Honda FK2/FK8/FL5","Home"
"PracWorks","1550","HX-N-00-(black)-(matte)","PracWorks Honda K20C1 Intake Manifold Black Matte Honda FK2/FK8/FL5","Home"
"PracWorks","1550","HX-N-00-(blue)-(polished)","PracWorks Honda K20C1 Intake Manifold Blue Polished Honda FK2/FK8/FL5","Home"
"PracWorks","1550","HX-N-00-(blue)-(matte)","PracWorks Honda K20C1 Intake Manifold Blue Matte Honda FK2/FK8/FL5","Home"
"PracWorks","1550","HX-N-00-(gold)-(polished)","PracWorks Honda K20C1 Intake Manifold Gold Polished Honda FK2/FK8/FL5","Home"
"PracWorks","1550","HX-N-00-(gold)-(matte)","PracWorks Honda K20C1 Intake Manifold Gold Matte Honda FK2/FK8/FL5","Home"
"PracWorks","1550","HX-N-00-(green)-(polished)","PracWorks Honda K20C1 Intake Manifold Green Polished Honda FK2/FK8/FL5","Home"
"PracWorks","1550","HX-N-00-(green)-(matte)","PracWorks Honda K20C1 Intake Manifold Green Matte Honda FK2/FK8/FL5","Home"
"PracWorks","1550","HX-N-00-(grey)-(polished)","PracWorks Honda K20C1 Intake Manifold Grey Polished Honda FK2/FK8/FL5","Home"
"PracWorks","1550","HX-N-00-(grey)-(matte)","PracWorks Honda K20C1 Intake Manifold Grey Matte Honda FK2/FK8/FL5","Home"
"PracWorks","1550","HX-N-00-(light blue)-(polished)","PracWorks Honda K20C1 Intake Manifold Light Blue Polished Honda FK2/FK8/FL5","Home"
"PracWorks","1550","HX-N-00-(light blue)-(matte)","PracWorks Honda K20C1 Intake Manifold Light Blue Matte Honda FK2/FK8/FL5","Home"
"PracWorks","1550","HX-N-00-(nickel)-(polished)","PracWorks Honda K20C1 Intake Manifold Nickel Polished Honda FK2/FK8/FL5","Home"
"PracWorks","1550","HX-N-00-(nickel)-(matte)","PracWorks Honda K20C1 Intake Manifold Nickel Matte Honda FK2/FK8/FL5","Home"
"PracWorks","1550","HX-N-00-(orange)-(polished)","PracWorks Honda K20C1 Intake Manifold Orange Polished Honda FK2/FK8/FL5","Home"
"PracWorks","1550","HX-N-00-(orange)-(matte)","PracWorks Honda K20C1 Intake Manifold Orange Matte Honda FK2/FK8/FL5","Home"
"PracWorks","1550","HX-N-00-(purple)-(polished)","PracWorks Honda K20C1 Intake Manifold Purple Polished Honda FK2/FK8/FL5","Home"
"PracWorks","1550","HX-N-00-(purple)-(matte)","PracWorks Honda K20C1 Intake Manifold Purple Matte Honda FK2/FK8/FL5","Home"
"PracWorks","1550","HX-N-00-(red)-(polished)","PracWorks Honda K20C1 Intake Manifold Red Polished Honda FK2/FK8/FL5","Home"
"PracWorks","1550","HX-N-00-(red)-(matte)","PracWorks Honda K20C1 Intake Manifold Red Matte Honda FK2/FK8/FL5","Home"
"PracWorks","1550","HX-N-00-(silver)-(polished)","PracWorks Honda K20C1 Intake Manifold Silver Polished Honda FK2/FK8/FL5","Home"
"PracWorks","1550","HX-N-00-(silver)-(matte)","PracWorks Honda K20C1 Intake Manifold Silver Matte Honda FK2/FK8/FL5","Home"
"PracWorks","1800","HX-N-00-(black)-(polished)-(rail)","PracWorks Honda K20C1 Intake Manifold Port Injection Black Polished Rail Honda FK2/FK8/FL5","Home"
"PracWorks","1800","HX-N-00-(black)-(polished)-(none)","PracWorks Honda K20C1 Intake Manifold Port Injection Black Polished Honda FK2/FK8/FL5","Home"
"PracWorks","1800","HX-N-00-(black)-(matte)-(rail)","PracWorks Honda K20C1 Intake Manifold Port Injection Black Matte Rail Honda FK2/FK8/FL5","Home"
"PracWorks","1800","HX-N-00-(black)-(matte)-(none)","PracWorks Honda K20C1 Intake Manifold Port Injection Black Matte Honda FK2/FK8/FL5","Home"
"PracWorks","1800","HX-N-00-(blue)-(polished)-(rail)","PracWorks Honda K20C1 Intake Manifold Port Injection Blue Polished Rail Honda FK2/FK8/FL5","Home"
"PracWorks","1800","HX-N-00-(blue)-(polished)-(none)","PracWorks Honda K20C1 Intake Manifold Port Injection Blue Polished Honda FK2/FK8/FL5","Home"
"PracWorks","1800","HX-N-00-(blue)-(matte)-(rail)","PracWorks Honda K20C1 Intake Manifold Port Injection Blue Matte Rail Honda FK2/FK8/FL5","Home"
"PracWorks","1800","HX-N-00-(blue)-(matte)-(none)","PracWorks Honda K20C1 Intake Manifold Port Injection Blue Matte Honda FK2/FK8/FL5","Home"
"PracWorks","1800","HX-N-00-(gold)-(polished)-(rail)","PracWorks Honda K20C1 Intake Manifold Port Injection Gold Polished Rail Honda FK2/FK8/FL5","Home"
"PracWorks","1800","HX-N-00-(gold)-(polished)-(none)","PracWorks Honda K20C1 Intake Manifold Port Injection Gold Polished Honda FK2/FK8/FL5","Home"
"PracWorks","1800","HX-N-00-(gold)-(matte)-(rail)","PracWorks Honda K20C1 Intake Manifold Port Injection Gold Matte Rail Honda FK2/FK8/FL5","Home"
"PracWorks","1800","HX-N-00-(gold)-(matte)-(none)","PracWorks Honda K20C1 Intake Manifold Port Injection Gold Matte Honda FK2/FK8/FL5","Home"
"PracWorks","1800","HX-N-00-(green)-(polished)-(rail)","PracWorks Honda K20C1 Intake Manifold Port Injection Green Polished Rail Honda FK2/FK8/FL5","Home"
"PracWorks","1800","HX-N-00-(green)-(polished)-(none)","PracWorks Honda K20C1 Intake Manifold Port Injection Green Polished Honda FK2/FK8/FL5","Home"
"PracWorks","1800","HX-N-00-(green)-(matte)-(rail)","PracWorks Honda K20C1 Intake Manifold Port Injection Green Matte Rail Honda FK2/FK8/FL5","Home"
"PracWorks","1800","HX-N-00-(green)-(matte)-(none)","PracWorks Honda K20C1 Intake Manifold Port Injection Green Matte Honda FK2/FK8/FL5","Home"
"PracWorks","1800","HX-N-00-(grey)-(polished)-(rail)","PracWorks Honda K20C1 Intake Manifold Port Injection Grey Polished Rail Honda FK2/FK8/FL5","Home"
"PracWorks","1800","HX-N-00-(grey)-(polished)-(none)","PracWorks Honda K20C1 Intake Manifold Port Injection Grey Polished Honda FK2/FK8/FL5","Home"
"PracWorks","1800","HX-N-00-(grey)-(matte)-(rail)","PracWorks Honda K20C1 Intake Manifold Port Injection Grey Matte Rail Honda FK2/FK8/FL5","Home"
"PracWorks","1800","HX-N-00-(grey)-(matte)-(none)","PracWorks Honda K20C1 Intake Manifold Port Injection Grey Matte Honda FK2/FK8/FL5","Home"
"PracWorks","1800","HX-N-00-(light blue)-(polished)-(rail)","PracWorks Honda K20C1 Intake Manifold Port Injection Light Blue Polished Rail Honda FK2/FK8/FL5","Home"
"PracWorks","1800","HX-N-00-(light blue)-(polished)-(none)","PracWorks Honda K20C1 Intake Manifold Port Injection Light Blue Polished Honda FK2/FK8/FL5","Home"
"PracWorks","1800","HX-N-00-(light blue)-(matte)-(rail)","PracWorks Honda K20C1 Intake Manifold Port Injection Light Blue Matte Rail Honda FK2/FK8/FL5","Home"
"PracWorks","1800","HX-N-00-(light blue)-(matte)-(none)","PracWorks Honda K20C1 Intake Manifold Port Injection Light Blue Matte Honda FK2/FK8/FL5","Home"
"PracWorks","1800","HX-N-00-(nickel)-(polished)-(rail)","PracWorks Honda K20C1 Intake Manifold Port Injection Nickel Polished Rail Honda FK2/FK8/FL5","Home"
"PracWorks","1800","HX-N-00-(nickel)-(polished)-(none)","PracWorks Honda K20C1 Intake Manifold Port Injection Nickel Polished Honda FK2/FK8/FL5","Home"
"PracWorks","1800","HX-N-00-(nickel)-(matte)-(rail)","PracWorks Honda K20C1 Intake Manifold Port Injection Nickel Matte Rail Honda FK2/FK8/FL5","Home"
"PracWorks","1800","HX-N-00-(nickel)-(matte)-(none)","PracWorks Honda K20C1 Intake Manifold Port Injection Nickel Matte Honda FK2/FK8/FL5","Home"
"PracWorks","1800","HX-N-00-(orange)-(polished)-(rail)","PracWorks Honda K20C1 Intake Manifold Port Injection Orange Polished Rail Honda FK2/FK8/FL5","Home"
"PracWorks","1800","HX-N-00-(orange)-(polished)-(none)","PracWorks Honda K20C1 Intake Manifold Port Injection Orange Polished Honda FK2/FK8/FL5","Home"
"PracWorks","1800","HX-N-00-(orange)-(matte)-(rail)","PracWorks Honda K20C1 Intake Manifold Port Injection Orange Matte Rail Honda FK2/FK8/FL5","Home"
"PracWorks","1800","HX-N-00-(orange)-(matte)-(none)","PracWorks Honda K20C1 Intake Manifold Port Injection Orange Matte Honda FK2/FK8/FL5","Home"
"PracWorks","1800","HX-N-00-(purple)-(polished)-(rail)","PracWorks Honda K20C1 Intake Manifold Port Injection Purple Polished Rail Honda FK2/FK8/FL5","Home"
"PracWorks","1800","HX-N-00-(purple)-(polished)-(none)","PracWorks Honda K20C1 Intake Manifold Port Injection Purple Polished Honda FK2/FK8/FL5","Home"
"PracWorks","1800","HX-N-00-(purple)-(matte)-(rail)","PracWorks Honda K20C1 Intake Manifold Port Injection Purple Matte Rail Honda FK2/FK8/FL5","Home"
"PracWorks","1800","HX-N-00-(purple)-(matte)-(none)","PracWorks Honda K20C1 Intake Manifold Port Injection Purple Matte Honda FK2/FK8/FL5","Home"
"PracWorks","1800","HX-N-00-(red)-(polished)-(rail)","PracWorks Honda K20C1 Intake Manifold Port Injection Red Polished Rail Honda FK2/FK8/FL5","Home"
"PracWorks","1800","HX-N-00-(red)-(polished)-(none)","PracWorks Honda K20C1 Intake Manifold Port Injection Red Polished Honda FK2/FK8/FL5","Home"
"PracWorks","1800","HX-N-00-(red)-(matte)-(rail)","PracWorks Honda K20C1 Intake Manifold Port Injection Red Matte Rail Honda FK2/FK8/FL5","Home"
"PracWorks","1800","HX-N-00-(red)-(matte)-(none)","PracWorks Honda K20C1 Intake Manifold Port Injection Red Matte Honda FK2/FK8/FL5","Home"
"PracWorks","1800","HX-N-00-(silver)-(polished)-(rail)","PracWorks Honda K20C1 Intake Manifold Port Injection Silver Polished Rail Honda FK2/FK8/FL5","Home"
"PracWorks","1800","HX-N-00-(silver)-(polished)-(none)","PracWorks Honda K20C1 Intake Manifold Port Injection Silver Polished Honda FK2/FK8/FL5","Home"
"PracWorks","1800","HX-N-00-(silver)-(matte)-(rail)","PracWorks Honda K20C1 Intake Manifold Port Injection Silver Matte Rail Honda FK2/FK8/FL5","Home"
"PracWorks","1800","HX-N-00-(silver)-(matte)-(none)","PracWorks Honda K20C1 Intake Manifold Port Injection Silver Matte Honda FK2/FK8/FL5","Home"
"PracWorks","200","HK-V-01-(black)","PracWorks Honda K-series Coil Cover Black K-series Engine","Home"
"PracWorks","200","HK-V-01-(blue)","PracWorks Honda K-series Coil Cover Blue K-series Engine","Home"
"PracWorks","200","HK-V-01-(gold)","PracWorks Honda K-series Coil Cover Gold K-series Engine","Home"
"PracWorks","200","HK-V-01-(green)","PracWorks Honda K-series Coil Cover Green K-series Engine","Home"
"PracWorks","200","HK-V-01-(grey)","PracWorks Honda K-series Coil Cover Grey K-series Engine","Home"
"PracWorks","200","HK-V-01-(light blue)","PracWorks Honda K-series Coil Cover Light Blue K-series Engine","Home"
"PracWorks","200","HK-V-01-(nickel)","PracWorks Honda K-series Coil Cover Nickel K-series Engine","Home"
"PracWorks","200","HK-V-01-(orange)","PracWorks Honda K-series Coil Cover Orange K-series Engine","Home"
"PracWorks","200","HK-V-01-(purple)","PracWorks Honda K-series Coil Cover Purple K-series Engine","Home"
"PracWorks","200","HK-V-01-(red)","PracWorks Honda K-series Coil Cover Red K-series Engine","Home"
"PracWorks","200","HK-V-01-(silver)","PracWorks Honda K-series Coil Cover Silver K-series Engine","Home"
"PracWorks","250","UFP-6-3.25","PracWorks Universal 6"" Carbon Fiber Filter Pipe ","Home"
