reference;wholesale_price;price;;;;;;discount
TS-0101-1101;36,975;73,95;;;;;;0
TS-0101-1102;36,975;73,95;;;;;;0
TS-0105-1101;119,475;238,95;;;;;;0
TS-0105-1102;119,475;238,95;;;;;;0
TS-0106-1001;59,3;118,6;;;;;;0
TS-0106-1002;59,3;118,6;;;;;;0
TS-0301-1002;298,875;597,75;;;;;;0
TS-0301-1003;298,875;597,75;;;;;;0
TS-0301-1011;298,875;597,75;;;;;;0
TS-0301-1013;298,875;597,75;;;;;;0
TS-0301-1103;337,975;675,95;;;;;;0
TS-0301-1120;337,975;675,95;;;;;;0
TS-0301-1121;362,475;724,95;;;;;;0
TS-0301-2003;75,575;151,15;;;;;;0
TS-0301-3003;58,975;117,95;;;;;;0
TS-0302-1002;194,975;389,95;;;;;;0
TS-0305-1001;296,85;593,7;;;;;;0
TS-0101-2023;26,745;53,49;;;;;;0
TS-0101-2024;15,725;31,45;;;;;;0
TS-0101-2025;26,745;53,49;;;;;;0
TS-0701-1011;55,1;110,2;;;;;;0
TS-0701-1012;71,9;143,8;;;;;;0
TS-0701-1013;71,9;143,8;;;;;;0
TS-0701-2011;99,725;199,45;;;;;;0
TS-0701-2012;99,725;199,45;;;;;;0
TS-0701-3011;52,475;104,95;;;;;;0
TS-0740-1002;12,87;25,74;;;;;;0
TS-0101-3001;7,35;14,7;;;;;;0
TS-0105-3001;7,35;14,7;;;;;;0
TS-0105-3002;15,475;30,95;;;;;;0
TS-0105-3005;6,375;12,75;;;;;;0
TS-0301-2001;33,575;67,15;;;;;;0
TS-0301-2002;33,575;67,15;;;;;;0
TS-0301-2007;22,55;45,1;;;;;;0
TS-0301-2008;5,225;10,45;;;;;;0
TS-0301-2009;5,225;10,45;;;;;;0
TS-0301-2010;5,225;10,45;;;;;;0
TS-0301-2011;5,225;10,45;;;;;;0
TS-0301-2012;24,125;48,25;;;;;;0
TS-0301-2013;36,725;73,45;;;;;;0
TS-0301-2014;36,725;73,45;;;;;;0
TS-0301-2018;33,575;67,15;;;;;;0
TS-0301-2020;33,575;67,15;;;;;;0
TS-0301-3002;54,975;109,95;;;;;;0
TS-0301-3005;249,975;499,95;;;;;;0
TS-0301-3006;249,975;499,95;;;;;;0
TS-0302-3002;35,675;71,35;;;;;;0
TS-0302-3005;146,975;293,95;;;;;;0
TS-0203-1008;183,975;367,95;;;;;;0
TS-0203-1025;193,925;387,85;;;;;;0
TS-0203-1032;97,975;195,95;;;;;;0
TS-0203-1050;239,975;479,95;;;;;;0
TS-0203-1061;94,975;189,95;;;;;;0
TS-0203-1250;139,975;279,95;;;;;;0
TS-0203-1271;74,975;149,95;;;;;;0
TS-0203-1308;86,475;172,95;;;;;;0
TS-0203-2001;14,975;29,95;;;;;;0
TS-0204-1131;142,975;285,95;;;;;;0
TS-0204-1132;142,975;285,95;;;;;;0
TS-0204-1133;142,975;285,95;;;;;;0
TS-0204-1134;142,975;285,95;;;;;;0
TS-0204-1135;147,975;295,95;;;;;;0
TS-0204-1141;137,475;274,95;;;;;;0
TS-0204-1142;137,475;274,95;;;;;;0
TS-0204-1143;137,475;274,95;;;;;;0
TS-0204-1144;137,475;274,95;;;;;;0
TS-0204-1152;142,475;284,95;;;;;;0
TS-0204-1162;142,475;284,95;;;;;;0
TS-0204-1192;144,975;289,95;;;;;;0
TS-0204-1203;196,475;392,95;;;;;;0
TS-0204-1232;214,975;429,95;;;;;;0
TS-0204-1242;214,975;429,95;;;;;;0
TS-0204-1303;204,725;409,45;;;;;;0
TS-0204-1405;147,975;295,95;;;;;;0
TS-0204-1415;147,975;295,95;;;;;;0
TS-0204-1425;144,975;289,95;;;;;;0
TS-0204-1435;144,975;289,95;;;;;;0
TS-0205-1009;159,975;319,95;;;;;;0
TS-0205-1010;159,975;319,95;;;;;;0
TS-0205-1130;94,475;188,95;;;;;;0
TS-0205-1131;94,475;188,95;;;;;;0
TS-0205-1309;127,475;254,95;;;;;;0
TS-0207-1001;224,975;449,95;;;;;;0
TS-0207-1002;224,975;449,95;;;;;;0
TS-0207-1003;224,975;449,95;;;;;;0
TS-0207-1102;317,475;634,95;;;;;;0
TS-0208-1111;184,975;369,95;;;;;;0
TS-0208-1112;184,975;369,95;;;;;;0
TS-0208-1113;184,975;369,95;;;;;;0
TS-0208-1114;184,975;369,95;;;;;;0
TS-0208-1115;189,975;379,95;;;;;;0
TS-0208-1132;184,975;369,95;;;;;;0
TS-0208-1212;249,975;499,95;;;;;;0
TS-0223-1050;114,975;229,95;;;;;;0
TS-0223-1055;244,975;489,95;;;;;;0
TS-0223-1063;114,975;229,95;;;;;;0
TS-0223-1068;114,975;229,95;;;;;;0
TS-0223-1077;114,975;229,95;;;;;;0
TS-0223-1078;114,975;229,95;;;;;;0
TS-0223-1080;114,975;229,95;;;;;;0
TS-0223-1082;114,975;229,95;;;;;;0
TS-0223-1084;114,975;229,95;;;;;;0
TS-0223-1085;224,375;448,75;;;;;;0
TS-0223-1087;114,975;229,95;;;;;;0
TS-0223-1089;127,475;254,95;;;;;;0
TS-0223-1092;114,975;229,95;;;;;;0
TS-0223-1094;114,975;229,95;;;;;;0
TS-0223-1097;224,375;448,75;;;;;;0
TS-0223-1255;227,975;455,95;;;;;;0
TS-0223-1263;108,475;216,95;;;;;;0
TS-0223-1268;108,475;216,95;;;;;;0
TS-0223-1277;108,475;216,95;;;;;;0
TS-0223-1278;108,475;216,95;;;;;;0
TS-0223-1280;108,475;216,95;;;;;;0
TS-0223-1282;104,975;209,95;;;;;;0
TS-0223-1284;108,475;216,95;;;;;;0
TS-0223-1285;209,075;418,15;;;;;;0
TS-0223-1287;108,475;216,95;;;;;;0
TS-0223-1289;114,975;229,95;;;;;;0
TS-0223-1294;108,475;216,95;;;;;;0
TS-0223-1297;209,075;418,15;;;;;;0
TS-0224-1135;169,975;339,95;;;;;;0
TS-0224-1145;167,475;334,95;;;;;;0
TS-0224-1405;174,975;349,95;;;;;;0
TS-0224-1425;174,975;349,95;;;;;;0
TS-0225-1202;174,975;349,95;;;;;;0
TS-0304-1001;272,975;545,95;;;;;;0
TS-0304-1002;272,975;545,95;;;;;;0
TS-0304-1003;117,975;235,95;;;;;;0
TS-0304-1005;246,725;493,45;;;;;;0
TS-0304-1006;196,85;393,7;;;;;;0
TS-0304-1009;272,975;545,95;;;;;;0
TS-0304-1102;297,475;594,95;;;;;;0
TS-0203-1009;99,975;199,95;;;;;;0
TS-0203-1010;99,975;199,95;;;;;;0
TS-0203-1015;99,975;199,95;;;;;;0
TS-0203-1016;99,975;199,95;;;;;;0
TS-0203-1017;94,975;189,95;;;;;;0
TS-0203-1018;94,975;189,95;;;;;;0
TS-0203-1021;94,975;189,95;;;;;;0
TS-0203-1022;94,975;189,95;;;;;;0
TS-0203-1023;94,975;189,95;;;;;;0
TS-0203-1026;97,975;195,95;;;;;;0
TS-0203-1031;97,975;195,95;;;;;;0
TS-0203-1033;97,975;195,95;;;;;;0
TS-0203-1036;97,975;195,95;;;;;;0
TS-0203-1037;124,775;249,55;;;;;;0
TS-0203-1064;99,975;199,95;;;;;;0
TS-0203-1069;104,525;209,05;;;;;;0
TS-0203-1071;99,975;199,95;;;;;;0
TS-0203-1072;194,225;388,45;;;;;;0
TS-0203-1101;18,05;36,1;;;;;;0
TS-0203-1102;18,05;36,1;;;;;;0
TS-0203-1103;18,05;36,1;;;;;;0
TS-0203-1209;74,975;149,95;;;;;;0
TS-0203-1210;74,975;149,95;;;;;;0
TS-0203-1215;74,975;149,95;;;;;;0
TS-0203-1221;64,975;129,95;;;;;;0
TS-0203-1222;64,975;129,95;;;;;;0
TS-0203-1223;64,975;129,95;;;;;;0
TS-0203-1226;74,975;149,95;;;;;;0
TS-0203-1231;74,975;149,95;;;;;;0
TS-0203-1261;66,475;132,95;;;;;;0
TS-0203-1264;84,975;169,95;;;;;;0
TS-0203-1266;104,975;209,95;;;;;;0
TS-0203-2002;16,775;33,55;;;;;;0
TS-0223-1066;114,975;229,95;;;;;;0
TS-0223-1075;129,975;259,95;;;;;;0
TS-0223-1079;114,975;229,95;;;;;;0
TS-0223-1086;114,975;229,95;;;;;;0
TS-0223-1091;114,975;229,95;;;;;;0
TS-0223-1093;114,975;229,95;;;;;;0
TS-0223-1096;114,975;229,95;;;;;;0
TS-0223-1250;108,475;216,95;;;;;;0
TS-0223-1266;108,475;216,95;;;;;;0
TS-0223-1275;114,975;229,95;;;;;;0
TS-0223-1279;108,475;216,95;;;;;;0
TS-0223-1286;108,475;216,95;;;;;;0
TS-0223-1291;108,475;216,95;;;;;;0
TS-0223-1292;108,475;216,95;;;;;;0
TS-0223-1293;108,475;216,95;;;;;;0
TS-0223-1296;108,475;216,95;;;;;;0
TS-0203-3001;9,425;18,85;;;;;;0
TS-0203-3002;9,425;18,85;;;;;;0
TS-0203-3003;9,425;18,85;;;;;;0
TS-0203-3004;13,1;26,2;;;;;;0
TS-0203-3005;9,95;19,9;;;;;;0
TS-0203-3006;9,95;19,9;;;;;;0
TS-0203-3007;9,95;19,9;;;;;;0
TS-0203-3008;9,95;19,9;;;;;;0
TS-0203-3009;9,95;19,9;;;;;;0
TS-0203-3010;9,95;19,9;;;;;;0
TS-0203-3011;7,325;14,65;;;;;;0
TS-0203-3012;6,275;12,55;;;;;;0
TS-0203-3014;7,325;14,65;;;;;;0
TS-0203-3020;18,35;36,7;;;;;;0
TS-0204-2001;11,225;22,45;;;;;;0
TS-0204-2006;11,225;22,45;;;;;;0
TS-0204-2104;16,775;33,55;;;;;;0
TS-0204-2105;11,225;22,45;;;;;;0
TS-0204-2201;12,575;25,15;;;;;;0
TS-0204-2202;12,575;25,15;;;;;;0
TS-0204-2203;12,575;25,15;;;;;;0
TS-0204-2204;12,575;25,15;;;;;;0
TS-0204-2205;22,55;45,1;;;;;;0
TS-0204-3001;10,475;20,95;;;;;;0
TS-0204-3004;22,55;45,1;;;;;;0
TS-0204-3005;4,875;9,75;;;;;;0
TS-0204-3102;10,475;20,95;;;;;;0
TS-0204-3103;49,85;99,7;;;;;;0
TS-0204-3105;10,475;20,95;;;;;;0
TS-0204-3106;5,475;10,95;;;;;;0
TS-0204-3206;22,55;45,1;;;;;;0
TS-0204-3207;32,525;65,05;;;;;;0
TS-0205-2002;5,75;11,5;;;;;;0
TS-0205-2003;7,475;14,95;;;;;;0
TS-0205-2005;7,475;14,95;;;;;;0
TS-0205-2006;9,425;18,85;;;;;;0
TS-0205-2007;9,425;18,85;;;;;;0
TS-0205-2008;9,425;18,85;;;;;;0
TS-0205-2009;9,425;18,85;;;;;;0
TS-0205-2010;11,225;22,45;;;;;;0
TS-0205-2011;9,425;18,85;;;;;;0
TS-0205-2012;5,75;11,5;;;;;;0
TS-0205-2013;5,75;11,5;;;;;;0
TS-0205-2014;5,75;11,5;;;;;;0
TS-0205-2015;5,75;11,5;;;;;;0
TS-0205-2016;5,75;11,5;;;;;;0
TS-0205-2017;5,75;11,5;;;;;;0
TS-0205-2018;9,425;18,85;;;;;;0
TS-0205-2055;45,125;90,25;;;;;;0
TS-0205-2056;45,125;90,25;;;;;;0
TS-0205-2057;45,125;90,25;;;;;;0
TS-0205-2059;18,35;36,7;;;;;;0
TS-0205-2060;18,35;36,7;;;;;;0
TS-0205-2061;11,225;22,45;;;;;;0
TS-0205-3008;9,425;18,85;;;;;;0
TS-0205-3009;18,35;36,7;;;;;;0
TS-0205-3010;4,975;9,95;;;;;;0
TS-0205-3011;14,935;29,87;;;;;;0
TS-0205-3101;9,425;18,85;;;;;;0
TS-0205-3102;9,425;18,85;;;;;;0
TS-0205-3103;7,325;14,65;;;;;;0
TS-0205-3104;16,775;33,55;;;;;;0
TS-0205-3105;12,975;25,95;;;;;;0
TS-0205-3106;9,425;18,85;;;;;;0
TS-0205-3107;3,65;7,3;;;;;;0
TS-0205-3108;3,65;7,3;;;;;;0
TS-0205-3109;3,65;7,3;;;;;;0
TS-0205-3110;9,425;18,85;;;;;;0
TS-0205-3111;7,325;14,65;;;;;;0
TS-0205-3112;29,725;59,45;;;;;;0
TS-0205-3113;29,725;59,45;;;;;;0
TS-0205-3114;29,725;59,45;;;;;;0
TS-0205-3115;29,725;59,45;;;;;;0
TS-0205-3116;7,325;14,65;;;;;;0
TS-0205-3200;9,425;18,85;;;;;;0
TS-0205-3201;9,425;18,85;;;;;;0
TS-0205-3202;9,425;18,85;;;;;;0
TS-0205-3203;9,425;18,85;;;;;;0
TS-0205-3204;9,425;18,85;;;;;;0
TS-0205-3205;3,65;7,3;;;;;;0
TS-0207-3001;14,935;29,87;;;;;;0
TS-0207-3002;12,275;24,55;;;;;;0
TS-0207-3004;26,225;52,45;;;;;;0
TS-0223-3001;69,075;138,15;;;;;;0
TS-0223-3002;69,075;138,15;;;;;;0
TS-0223-3005;69,075;138,15;;;;;;0
TS-0223-3006;69,075;138,15;;;;;;0
TS-0223-3007;69,075;138,15;;;;;;0
TS-0550-3057;71,9;143,8;;;;;;0
TS-0204-3014;29,975;59,95;;;;;;0
TS-0204-3015;29,975;59,95;;;;;;0
TS-0204-3110;99,725;199,45;;;;;;0
TS-0204-3111;49,975;99,95;;;;;;0
TS-0207-2001;18,875;37,75;;;;;;0
TS-0207-3005;45,125;90,25;;;;;;0
TS-0207-3006;78,725;157,45;;;;;;0
TS-0207-3008;14,975;29,95;;;;;;0
TS-0207-3009;4,875;9,75;;;;;;0
TS-0207-3010;26,975;53,95;;;;;;0
TS-0207-3011;26,975;53,95;;;;;;0
TS-0207-3012;26,975;53,95;;;;;;0
TS-0207-3013;26,975;53,95;;;;;;0
TS-0207-3014;26,975;53,95;;;;;;0
TS-0207-3015;26,975;53,95;;;;;;0
TS-0207-3016;26,975;53,95;;;;;;0
TS-0207-3017;30,475;60,95;;;;;;0
TS-0208-9002;118,475;236,95;;;;;;0
TS-0208-9005;59,975;119,95;;;;;;0
TS-0208-9006;9,95;19,9;;;;;;0
TS-0208-9007;9,95;19,9;;;;;;0
TS-0208-9008;9,95;19,9;;;;;;0
TS-0208-9009;9,95;19,9;;;;;;0
TS-0208-9010;9,95;19,9;;;;;;0
TS-0208-9011;28,325;56,65;;;;;;0
TS-0223-3003;69,075;138,15;;;;;;0
TS-0223-3009;69,475;138,95;;;;;;0
TS-0223-3010;5,975;11,95;;;;;;0
TS-0223-3021;97,475;194,95;;;;;;0
TS-0501-3006;41,45;82,9;;;;;;0
TS-0502-3016;29,975;59,95;;;;;;0
TS-0502-3017;29,975;59,95;;;;;;0
TS-0503-3011;30,475;60,95;;;;;;0
TS-0503-3012;30,475;60,95;;;;;;0
TS-0504-3014;28,975;57,95;;;;;;0
TS-0504-3015;28,975;57,95;;;;;;0
TS-0505-3008;10,475;20,95;;;;;;0
TS-0505-3017;7,475;14,95;;;;;;0
TS-0505-3018;24,475;48,95;;;;;;0
TS-0505-3020;18,975;37,95;;;;;;0
TS-0505-3021;18,975;37,95;;;;;;0
TS-0505-3022;18,975;37,95;;;;;;0
TS-0505-3023;18,975;37,95;;;;;;0
TS-0505-3024;18,975;37,95;;;;;;0
TS-0505-3025;18,975;37,95;;;;;;0
TS-0550-3010;23,6;47,2;;;;;;0
TS-0550-3014;11,475;22,95;;;;;;0
TS-0550-3022;120,725;241,45;;;;;;0
TS-0550-3024;107,6;215,2;;;;;;0
TS-0550-3026;127,55;255,1;;;;;;0
TS-0550-3053;11,225;22,45;;;;;;0
TS-0550-3054;11,225;22,45;;;;;;0
TS-0550-3056;6,275;12,55;;;;;;0
TS-0550-3062;127,55;255,1;;;;;;0
TS-0550-3064;119,15;238,3;;;;;;0
TS-0550-3066;133,85;267,7;;;;;;0
TS-0550-3105;4,975;9,95;;;;;;0
TS-0550-3106;5,475;10,95;;;;;;0
TS-0550-3107;5,975;11,95;;;;;;0
TS-0550-3121;41,45;82,9;;;;;;0
TS-0550-3123;41,975;83,95;;;;;;0
TS-0550-3124;54,575;109,15;;;;;;0
TS-0550-3125;49,475;98,95;;;;;;0
TS-0550-3126;11,475;22,95;;;;;;0
TS-0550-3127;11,475;22,95;;;;;;0
TS-0550-3128;11,475;22,95;;;;;;0
TS-0550-3129;11,475;22,95;;;;;;0
TS-0550-3130;11,475;22,95;;;;;;0
TS-0550-3131;11,475;22,95;;;;;;0
TS-0550-3132;19,475;38,95;;;;;;0
TS-0550-3133;19,475;38,95;;;;;;0
TS-0550-3134;19,475;38,95;;;;;;0
TS-0550-3135;19,475;38,95;;;;;;0
TS-0550-3136;19,475;38,95;;;;;;0
TS-0550-3137;22,475;44,95;;;;;;0
TS-0550-3138;22,475;44,95;;;;;;0
TS-0550-3139;22,475;44,95;;;;;;0
TS-0550-3140;22,475;44,95;;;;;;0
TS-0550-3141;22,475;44,95;;;;;;0
TS-0550-3142;26,975;53,95;;;;;;0
TS-0550-3143;26,975;53,95;;;;;;0
TS-0550-3144;26,975;53,95;;;;;;0
TS-0550-3145;26,975;53,95;;;;;;0
TS-0550-3146;26,975;53,95;;;;;;0
TS-0550-3148;121,475;242,95;;;;;;0
TS-0550-3149;53;106;;;;;;0
TS-0550-3150;35,975;71,95;;;;;;0
TS-0550-3151;35,975;71,95;;;;;;0
TS-0550-3152;35,975;71,95;;;;;;0
TS-0550-3155;32,975;65,95;;;;;;0
TS-0550-3156;49,475;98,95;;;;;;0
TS-0550-3159;19,475;38,95;;;;;;0
TS-0550-3160;22,475;44,95;;;;;;0
TS-0550-3161;26,975;53,95;;;;;;0
TS-0550-3162;109,975;219,95;;;;;;0
TS-0550-3163;39,975;79,95;;;;;;0
TS-0550-3164;114,975;229,95;;;;;;0
TS-0550-3165;39,975;79,95;;;;;;0
TS-0553-3003;20,45;40,9;;;;;;0
TS-0565-3001;448,795;897,59;;;;;;0
TS-0600-2004;32,545;65,09;;;;;;0
TS-0600-2005;12,07;24,14;;;;;;0
TS-0600-2006;14,505;29,01;;;;;;0
TS-0600-2007;14,505;29,01;;;;;;0
TS-0600-2008;14,505;29,01;;;;;;0
TS-0600-2009;14,505;29,01;;;;;;0
TS-0600-2010;121,475;242,95;;;;;;0
TS-0600-2011;35,975;71,95;;;;;;0
TS-0600-3050;29,9;59,8;;;;;;0
TS-0600-3052;45,125;90,25;;;;;;0
TS-0600-3054;15,725;31,45;;;;;;0
TS-0801-3001;6,975;13,95;;;;;;0
TS-0801-3002;19,975;39,95;;;;;;0
TS-0804-3002;3,475;6,95;;;;;;0
TS-0205-1015;159,975;319,95;;;;;;0
TS-0205-1016;159,975;319,95;;;;;;0
TS-0205-1026;159,975;319,95;;;;;;0
TS-0205-1061;157,475;314,95;;;;;;0
TS-0205-1062;157,475;314,95;;;;;;0
TS-0205-1071;157,475;314,95;;;;;;0
TS-0205-1072;157,475;314,95;;;;;;0
TS-0205-1135;104,975;209,95;;;;;;0
TS-0205-1136;104,975;209,95;;;;;;0
TS-0205-1215;159,975;319,95;;;;;;0
TS-0205-1216;159,975;319,95;;;;;;0
TS-0205-1261;133,975;267,95;;;;;;0
TS-0205-1262;133,975;267,95;;;;;;0
TS-0205-1271;133,975;267,95;;;;;;0
TS-0205-1272;133,975;267,95;;;;;;0
TS-0205-1300;144,975;289,95;;;;;;0
TS-0205-1301;144,975;289,95;;;;;;0
TS-0205-1310;127,475;254,95;;;;;;0
TS-0205-1315;149,975;299,95;;;;;;0
TS-0205-1316;149,975;299,95;;;;;;0
TS-0215-1018;159,975;319,95;;;;;;0
TS-0215-1022;159,975;319,95;;;;;;0
TS-0215-1023;159,975;319,95;;;;;;0
TS-0215-1027;314,975;629,95;;;;;;0
TS-0225-1001;187,4;374,8;;;;;;0
TS-0205-2004;7,475;14,95;;;;;;0
TS-9006-1001;14,935;29,87;;;;;;0
TS-0401-3005;6,275;12,55;;;;;;0
TS-0401-3006;7,325;14,65;;;;;;0
TS-0402-1001;13,1;26,2;;;;;;0
TS-0402-1002;13,1;26,2;;;;;;0
TS-0402-1003;7,325;14,65;;;;;;0
TS-0402-1004;14,975;29,95;;;;;;0
TS-0402-1005;14,975;29,95;;;;;;0
TS-0402-1006;14,975;29,95;;;;;;0
TS-0402-1013;14,975;29,95;;;;;;0
TS-0402-1014;14,975;29,95;;;;;;0
TS-0402-1107;13,1;26,2;;;;;;0
TS-0402-1108;13,1;26,2;;;;;;0
TS-0402-1109;14,975;29,95;;;;;;0
TS-0402-1111;16,775;33,55;;;;;;0
TS-0402-1112;14,975;29,95;;;;;;0
TS-0402-1115;13,1;26,2;;;;;;0
TS-0402-1123;11,225;22,45;;;;;;0
TS-0402-2023;13,875;27,75;;;;;;0
TS-0402-3001;36,725;73,45;;;;;;0
TS-0402-1116;14,975;29,95;;;;;;0
TS-0402-1130;75,575;151,15;;;;;;0
TS-0402-1131;75,575;151,15;;;;;;0
TS-0402-1141;18,875;37,75;;;;;;0
TS-0404-1005;79,975;159,95;;;;;;0
TS-0404-1015;79,975;159,95;;;;;;0
TS-0404-1021;94,975;189,95;;;;;;0
TS-0404-1022;94,975;189,95;;;;;;0
TS-0404-1023;94,975;189,95;;;;;;0
TS-0404-1024;94,975;189,95;;;;;;0
TS-0404-1025;96,475;192,95;;;;;;0
TS-0404-1031;104,975;209,95;;;;;;0
TS-0404-1032;104,975;209,95;;;;;;0
TS-0404-1033;104,975;209,95;;;;;;0
TS-0404-1034;104,975;209,95;;;;;;0
TS-0404-1035;106,475;212,95;;;;;;0
TS-0404-1041;114,975;229,95;;;;;;0
TS-0404-1042;114,975;229,95;;;;;;0
TS-0404-1043;114,975;229,95;;;;;;0
TS-0404-1044;114,975;229,95;;;;;;0
TS-0404-1045;116,475;232,95;;;;;;0
TS-0404-1115;79,975;159,95;;;;;;0
TS-0404-1122;94,975;189,95;;;;;;0
TS-0404-1132;104,975;209,95;;;;;;0
TS-0404-1142;114,975;229,95;;;;;;0
TS-0404-1242;137,475;274,95;;;;;;0
TS-0404-1252;152,475;304,95;;;;;;0
TS-0404-1342;162,475;324,95;;;;;;0
TS-0404-1352;174,975;349,95;;;;;;0
TS-0402-1132;75,575;151,15;;;;;;0
TS-0402-1140;18,875;37,75;;;;;;0
TS-0501-2001;18,875;37,75;;;;;;0
TS-0501-2002;9,425;18,85;;;;;;0
TS-0501-3001;45,125;90,25;;;;;;0
TS-0501-3002;7,85;15,7;;;;;;0
TS-0501-3103;16,475;32,95;;;;;;0
TS-0502-2001;19,925;39,85;;;;;;0
TS-0502-2002;19,925;39,85;;;;;;0
TS-0502-2003;19,925;39,85;;;;;;0
TS-0502-2004;19,925;39,85;;;;;;0
TS-0502-2005;19,925;39,85;;;;;;0
TS-0502-2006;19,925;39,85;;;;;;0
TS-0502-2007;19,925;39,85;;;;;;0
TS-0502-3001;10,475;20,95;;;;;;0
TS-0502-3002;10,475;20,95;;;;;;0
TS-0502-3003;19,925;39,85;;;;;;0
TS-0502-3004;19,925;39,85;;;;;;0
TS-0502-3005;19,925;39,85;;;;;;0
TS-0502-3007;13,1;26,2;;;;;;0
TS-0502-3008;13,1;26,2;;;;;;0
TS-0502-3009;5,975;11,95;;;;;;0
TS-0503-3001;11,225;22,45;;;;;;0
TS-0503-3002;11,225;22,45;;;;;;0
TS-0503-3003;22,55;45,1;;;;;;0
TS-0503-3004;22,55;45,1;;;;;;0
TS-0503-3005;22,55;45,1;;;;;;0
TS-0503-3006;78,725;157,45;;;;;;0
TS-0503-3007;14,975;29,95;;;;;;0
TS-0503-3008;14,975;29,95;;;;;;0
TS-0504-3001;9,425;18,85;;;;;;0
TS-0504-3002;9,425;18,85;;;;;;0
TS-0504-3003;19,925;39,85;;;;;;0
TS-0504-3004;19,925;39,85;;;;;;0
TS-0504-3005;19,925;39,85;;;;;;0
TS-0504-3006;61,925;123,85;;;;;;0
TS-0504-3007;9,425;18,85;;;;;;0
TS-0504-3008;9,425;18,85;;;;;;0
TS-0504-3009;35,675;71,35;;;;;;0
TS-0504-3012;36,725;73,45;;;;;;0
TS-0504-3013;36,725;73,45;;;;;;0
TS-0505-2001;15,725;31,45;;;;;;0
TS-0505-2002;15,725;31,45;;;;;;0
TS-0505-2003;15,725;31,45;;;;;;0
TS-0505-2004;15,725;31,45;;;;;;0
TS-0505-2005;15,725;31,45;;;;;;0
TS-0505-2006;15,725;31,45;;;;;;0
TS-0505-2007;5,625;11,25;;;;;;0
TS-0505-2008;5,625;11,25;;;;;;0
TS-0505-2009;5,625;11,25;;;;;;0
TS-0505-2012;22,55;45,1;;;;;;0
TS-0505-2013;22,55;45,1;;;;;;0
TS-0505-2014;22,55;45,1;;;;;;0
TS-0505-3001;7,475;14,95;;;;;;0
TS-0505-3002;7,475;14,95;;;;;;0
TS-0505-3003;22,55;45,1;;;;;;0
TS-0505-3004;22,55;45,1;;;;;;0
TS-0505-3005;22,55;45,1;;;;;;0
TS-0505-3006;43,55;87,1;;;;;;0
TS-0505-3007;19,925;39,85;;;;;;0
TS-0505-3009;5,725;11,45;;;;;;0
TS-0505-3013;36,725;73,45;;;;;;0
TS-0550-3004;41,45;82,9;;;;;;0
TS-0550-3005;48,8;97,6;;;;;;0
TS-0550-3006;55,1;110,2;;;;;;0
TS-0550-3007;18,875;37,75;;;;;;0
TS-0550-3008;5,75;11,5;;;;;;0
TS-0550-3009;20,45;40,9;;;;;;0
TS-0550-3011;28,325;56,65;;;;;;0
TS-0550-3012;18,875;37,75;;;;;;0
TS-0550-3013;11,475;22,95;;;;;;0
TS-0550-3015;14,975;29,95;;;;;;0
TS-0550-3016;41,45;82,9;;;;;;0
TS-0550-3017;41,45;82,9;;;;;;0
TS-0550-3018;42,975;85,95;;;;;;0
TS-0550-3019;42,975;85,95;;;;;;0
TS-0550-3020;46,975;93,95;;;;;;0
TS-0550-3021;46,975;93,95;;;;;;0
TS-0550-3050;5,75;11,5;;;;;;0
TS-0550-3051;5,75;11,5;;;;;;0
TS-0550-3059;41,45;82,9;;;;;;0
TS-0550-3060;46,7;93,4;;;;;;0
TS-0550-3061;52,475;104,95;;;;;;0
TS-0550-3080;11,225;22,45;;;;;;0
TS-0550-3081;15,725;31,45;;;;;;0
TS-0550-3082;15,725;31,45;;;;;;0
TS-0550-3083;15,725;31,45;;;;;;0
TS-0550-3084;15,725;31,45;;;;;;0
TS-0550-3085;15,725;31,45;;;;;;0
TS-0550-3086;15,725;31,45;;;;;;0
TS-0550-3087;15,725;31,45;;;;;;0
TS-0550-3088;15,725;31,45;;;;;;0
TS-0550-3089;15,725;31,45;;;;;;0
TS-0550-3090;15,725;31,45;;;;;;0
TS-0550-3091;15,725;31,45;;;;;;0
TS-0550-3092;15,725;31,45;;;;;;0
TS-0550-3093;12,31;24,62;;;;;;0
TS-0550-3094;94,475;188,95;;;;;;0
TS-0550-3112;23,075;46,15;;;;;;0
TS-0550-3120;46,7;93,4;;;;;;0
TS-0551-3001;15,725;31,45;;;;;;0
TS-0551-3002;55,1;110,2;;;;;;0
TS-0552-3001;15,725;31,45;;;;;;0
TS-0552-3002;59,3;118,6;;;;;;0
TS-0552-3003;18,875;37,75;;;;;;0
TS-0552-3004;18,875;37,75;;;;;;0
TS-0553-3001;18,875;37,75;;;;;;0
TS-0553-3002;62,975;125,95;;;;;;0
TS-0554-3001;23,075;46,15;;;;;;0
TS-0554-3002;65,6;131,2;;;;;;0
TS-0554-3003;23,075;46,15;;;;;;0
TS-0554-3004;23,075;46,15;;;;;;0
TS-0555-3001;22,55;45,1;;;;;;0
TS-0555-3002;71,9;143,8;;;;;;0
TS-0555-3003;22,55;45,1;;;;;;0
TS-0555-3004;22,55;45,1;;;;;;0
TS-0505-1006;149,975;299,95;;;;;;0
TS-0505-1010;149,975;299,95;;;;;;0
TS-0506-1002;172,975;345,95;;;;;;0
TS-0506-1041;172,975;345,95;;;;;;0
TS-0551-1002;172,475;344,95;;;;;;0
TS-0551-1011;172,475;344,95;;;;;;0
TS-0551-1012;172,475;344,95;;;;;;0
TS-0551-1013;172,475;344,95;;;;;;0
TS-0551-1014;172,475;344,95;;;;;;0
TS-0551-1015;174,975;349,95;;;;;;0
TS-0551-1312;242,025;484,05;;;;;;0
TS-0552-1002;174,975;349,95;;;;;;0
TS-0552-1011;174,975;349,95;;;;;;0
TS-0552-1012;174,975;349,95;;;;;;0
TS-0552-1013;174,975;349,95;;;;;;0
TS-0552-1014;174,975;349,95;;;;;;0
TS-0552-1015;179,975;359,95;;;;;;0
TS-0552-1102;239,975;479,95;;;;;;0
TS-0552-1242;209,975;419,95;;;;;;0
TS-0552-1312;246,975;493,95;;;;;;0
TS-0552-1502;412,475;824,95;;;;;;0
TS-0553-1002;221,975;443,95;;;;;;0
TS-0553-1011;221,975;443,95;;;;;;0
TS-0553-1012;221,975;443,95;;;;;;0
TS-0553-1013;221,975;443,95;;;;;;0
TS-0553-1014;221,975;443,95;;;;;;0
TS-0553-1015;223,975;447,95;;;;;;0
TS-0553-1102;276,975;553,95;;;;;;0
TS-0553-1242;257,475;514,95;;;;;;0
TS-0553-1312;264,975;529,95;;;;;;0
TS-0553-1502;447,475;894,95;;;;;;0
TS-0553-1602;217,475;434,95;;;;;;0
TS-0553-1612;217,475;434,95;;;;;;0
TS-0553-1615;219,975;439,95;;;;;;0
TS-0554-1002;273,975;547,95;;;;;;0
TS-0554-1011;273,975;547,95;;;;;;0
TS-0554-1012;273,975;547,95;;;;;;0
TS-0554-1013;273,975;547,95;;;;;;0
TS-0554-1014;273,975;547,95;;;;;;0
TS-0554-1015;276,475;552,95;;;;;;0
TS-0554-1202;287,475;574,95;;;;;;0
TS-0554-1242;304,975;609,95;;;;;;0
TS-0554-1502;548,975;1097,95;;;;;;0
TS-0555-1002;309,975;619,95;;;;;;0
TS-0555-1011;309,975;619,95;;;;;;0
TS-0555-1012;309,975;619,95;;;;;;0
TS-0555-1013;309,975;619,95;;;;;;0
TS-0555-1014;309,975;619,95;;;;;;0
TS-0555-1015;312,975;625,95;;;;;;0
TS-0555-1202;334,975;669,95;;;;;;0
TS-0555-1242;339,975;679,95;;;;;;0
TS-0555-1502;609,975;1219,95;;;;;;0
TS-0565-1002;671,97;1343,94;;;;;;0
TS-0565-1212;319,975;639,95;;;;;;0
TS-0565-1762;319,975;639,95;;;;;;0
TS-0550-3055;14,975;29,95;;;;;;0
TS-0550-3098;26,225;52,45;;;;;;0
TS-0550-3099;26,225;52,45;;;;;;0
TS-0550-3100;26,225;52,45;;;;;;0
TS-0550-3101;13,1;26,2;;;;;;0
TS-0550-3102;13,1;26,2;;;;;;0
TS-0550-3103;13,1;26,2;;;;;;0
TS-0550-3104;26,225;52,45;;;;;;0
TS-0550-3114;29,9;59,8;;;;;;0
TS-0552-1202;199,975;399,95;;;;;;0
TS-0552-1402;233,975;467,95;;;;;;0
TS-0552-1601;467,475;934,95;;;;;;0
TS-0552-1712;137,975;275,95;;;;;;0
TS-0553-1712;164,975;329,95;;;;;;0
TS-0554-1712;209,975;419,95;;;;;;0
TS-0555-1712;244,975;489,95;;;;;;0
TS-0553-1202;237,475;474,95;;;;;;0
TS-0600-2001;15,725;31,45;;;;;;0
TS-0600-2002;14,15;28,3;;;;;;0
TS-0600-2003;29,9;59,8;;;;;;0
TS-0600-3001;8,27;16,54;;;;;;0
TS-0600-3002;8,27;16,54;;;;;;0
TS-0600-3003;8,27;16,54;;;;;;0
TS-0600-3004;10,28;20,56;;;;;;0
TS-0600-3005;10,28;20,56;;;;;;0
TS-0600-3006;10,28;20,56;;;;;;0
TS-0600-3007;10,28;20,56;;;;;;0
TS-0600-3008;10,28;20,56;;;;;;0
TS-0600-3009;10,28;20,56;;;;;;0
TS-0600-3058;10,28;20,56;;;;;;0
TS-0601-1102;99,725;199,45;;;;;;0
TS-0601-1142;99,725;199,45;;;;;;0
TS-0601-1182;99,725;199,45;;;;;;0
TS-0601-1222;99,725;199,45;;;;;;0
TS-0601-1262;99,725;199,45;;;;;;0
TS-0601-2102;99,725;199,45;;;;;;0
TS-0601-2142;99,725;199,45;;;;;;0
TS-0601-2182;99,725;199,45;;;;;;0
TS-0601-2222;99,725;199,45;;;;;;0
TS-0601-2242;99,725;199,45;;;;;;0
TS-0601-2262;99,725;199,45;;;;;;0
TS-0601-3102;99,725;199,45;;;;;;0
TS-0601-3122;99,725;199,45;;;;;;0
TS-0601-3142;99,725;199,45;;;;;;0
TS-0601-3182;99,725;199,45;;;;;;0
TS-0601-3222;99,725;199,45;;;;;;0
TS-0601-3242;99,725;199,45;;;;;;0
TS-0604-1067;106,975;213,95;;;;;;0
TS-0604-1155;97,475;194,95;;;;;;0
TS-0604-2065;97,475;194,95;;;;;;0
TS-0604-2067;106,975;213,95;;;;;;0
TS-0605-1072;97,925;195,85;;;;;;0
TS-0605-2052;97,925;195,85;;;;;;0
TS-0605-3072;97,925;195,85;;;;;;0
TS-0605-4073;97,925;195,85;;;;;;0
TS-0605-5072;97,925;195,85;;;;;;0
TS-0610-1182;97,925;195,85;;;;;;0
TS-0610-1222;97,925;195,85;;;;;;0
TS-0610-1242;97,925;195,85;;;;;;0
TS-0610-2072;97,925;195,85;;;;;;0
TS-0612-1072;75,575;151,15;;;;;;0
TS-0612-1142;75,575;151,15;;;;;;0
TS-0615-2072;212,475;424,95;;;;;;0
TS-0615-2073;243,975;487,95;;;;;;0
TS-0615-2192;212,475;424,95;;;;;;0
TS-0615-2242;212,475;424,95;;;;;;0
TS-0615-3142;99,725;199,45;;;;;;0
TS-0615-4072;98,775;197,55;;;;;;0
TS-0615-5072;98,775;197,55;;;;;;0
TS-0615-6072;197,575;395,15;;;;;;0
TS-0615-6142;197,575;395,15;;;;;;0
TS-0620-1065;99,975;199,95;;;;;;0
TS-0620-1142;71,975;143,95;;;;;;0
TS-0620-2142;71,975;143,95;;;;;;0
TS-0620-3142;71,975;143,95;;;;;;0
TS-0620-3143;102,475;204,95;;;;;;0
TS-0620-4012;119,975;239,95;;;;;;0
TS-0620-4014;179,975;359,95;;;;;;0
TS-0622-1002;133,85;267,7;;;;;;0
TS-0622-1003;99,725;199,45;;;;;;0
TS-0622-1052;71,975;143,95;;;;;;0
TS-0622-1072;71,975;143,95;;;;;;0
TS-0622-1122;71,975;143,95;;;;;;0
TS-0622-1214;71,975;143,95;;;;;;0
TS-0622-2072;97,975;195,95;;;;;;0
TS-0622-3072;97,975;195,95;;;;;;0
TS-0622-4052;133,85;267,7;;;;;;0
TS-0622-5072;97,975;195,95;;;;;;0
TS-0622-6212;71,975;143,95;;;;;;0
TS-0622-6262;71,975;143,95;;;;;;0
TS-0622-7072;71,975;143,95;;;;;;0
TS-0622-7142;71,975;143,95;;;;;;0
TS-0622-8072;71,975;143,95;;;;;;0
TS-0622-8102;71,975;143,95;;;;;;0
TS-0622-8122;71,975;143,95;;;;;;0
TS-0622-9122;71,975;143,95;;;;;;0
TS-0622-9142;71,975;143,95;;;;;;0
TS-0623-1071;97,945;195,89;;;;;;0
TS-0623-1072;97,945;195,89;;;;;;0
TS-0623-1073;97,945;195,89;;;;;;0
TS-0624-1242;224,975;449,95;;;;;;0
TS-0624-2242;224,975;449,95;;;;;;0
TS-0624-3242;224,975;449,95;;;;;;0
TS-0625-1032;97,975;195,95;;;;;;0
TS-0625-1052;97,975;195,95;;;;;;0
TS-0625-1072;97,975;195,95;;;;;;0
TS-0625-2052;71,975;143,95;;;;;;0
TS-0625-3143;124,775;249,55;;;;;;0
TS-0625-4072;97,975;195,95;;;;;;0
TS-0626-1262;71,975;143,95;;;;;;0
TS-0626-1354;102,475;204,95;;;;;;0
TS-0629-1072;71,975;143,95;;;;;;0
TS-0629-1102;71,975;143,95;;;;;;0
TS-0629-3051;97,945;195,89;;;;;;0
TS-0631-1051;97,975;195,95;;;;;;0
TS-0632-1071;97,975;195,95;;;;;;0
TS-0645-1052;97,975;195,95;;;;;;0
TS-0645-3052;97,975;195,95;;;;;;0
TS-0645-4052;97,975;195,95;;;;;;0
TS-0645-5052;97,975;195,95;;;;;;0
TS-0646-1072;97,975;195,95;;;;;;0
TS-0681-4102;71,975;143,95;;;;;;0
TS-0681-5072;71,975;143,95;;;;;;0
TS-0681-5102;71,975;143,95;;;;;;0
TS-0681-5142;71,975;143,95;;;;;;0
TS-0681-6142;102,475;204,95;;;;;;0
TS-0704-1101;44,975;89,95;;;;;;0
TS-0704-1201;52,475;104,95;;;;;;0
TS-0704-1301;52,475;104,95;;;;;;0
TS-0720-1007;24,125;48,25;;;;;;0
TS-0720-1001;24,125;48,25;;;;;;0
TS-0720-1002;24,125;48,25;;;;;;0
TS-0720-1003;24,125;48,25;;;;;;0
TS-0720-1004;24,125;48,25;;;;;;0
TS-0720-1005;24,125;48,25;;;;;;0
TS-0720-1006;24,125;48,25;;;;;;0
TS-0720-1008;24,125;48,25;;;;;;0
TS-0801-1001;62,45;124,9;;;;;;0
TS-0801-1002;62,45;124,9;;;;;;0
TS-0801-1003;65,6;131,2;;;;;;0
TS-0802-1001;14,935;29,87;;;;;;0
TS-0804-1010;22,55;45,1;;;;;;0
TS-0804-1011;22,55;45,1;;;;;;0
TS-0804-1012;22,55;45,1;;;;;;0
TS-0804-1020;14,935;29,87;;;;;;0
TS-0804-1021;14,935;29,87;;;;;;0
TS-0804-1001;22,55;45,1;;;;;;0
TS-0804-1002;22,55;45,1;;;;;;0
TS-0804-1003;22,55;45,1;;;;;;0
TS-0804-2101;22,475;44,95;;;;;;0
TS-0811-0012;77,475;154,95;;;;;;0
TS-9002-1001;13,1;26,2;;;;;;0
TS-9003-1048;13,1;26,2;;;;;;0
TS-9003-1111;13,1;26,2;;;;;;0
TS-9003-1049;11,26;22,52;;;;;;0
TS-9003-1050;11,26;22,52;;;;;;0
TS-9003-1051;11,26;22,52;;;;;;0
TS-9003-1052;11,26;22,52;;;;;;0
TS-9003-1053;11,26;22,52;;;;;;0
TS-9003-1054;11,26;22,52;;;;;;0
TS-9003-1055;11,26;22,52;;;;;;0
TS-9003-1056;11,26;22,52;;;;;;0
TS-9003-1057;11,26;22,52;;;;;;0
TS-9003-1058;11,26;22,52;;;;;;0
TS-9003-1059;11,26;22,52;;;;;;0
TS-9003-1060;11,26;22,52;;;;;;0
TS-9003-1071;12,575;25,15;;;;;;0
TS-9003-1072;12,575;25,15;;;;;;0
TS-9003-1073;12,575;25,15;;;;;;0
TS-9003-1074;12,575;25,15;;;;;;0
TS-9003-1075;12,575;25,15;;;;;;0
TS-9003-1076;12,575;25,15;;;;;;0
TS-9003-1081;14,675;29,35;;;;;;0
TS-9003-1082;14,675;29,35;;;;;;0
TS-9003-1084;14,675;29,35;;;;;;0
TS-9003-1085;14,675;29,35;;;;;;0
TS-9003-1086;14,675;29,35;;;;;;0
TS-9003-1061;24,125;48,25;;;;;;0
TS-9003-1062;24,125;48,25;;;;;;0
TS-9003-1063;24,125;48,25;;;;;;0
TS-9003-1064;24,125;48,25;;;;;;0
TS-9003-1065;24,125;48,25;;;;;;0
TS-9003-1066;24,125;48,25;;;;;;0
TS-9003-1101;25,175;50,35;;;;;;0
TS-9003-1102;25,175;50,35;;;;;;0
TS-9003-1103;25,175;50,35;;;;;;0
TS-9003-1104;25,175;50,35;;;;;;0
TS-9003-1105;25,175;50,35;;;;;;0
TS-9003-1106;25,175;50,35;;;;;;0
TS-9007-1017;5,225;10,45;;;;;;0
TS-9007-1018;2,085;4,17;;;;;;0
TS-9007-1019;4,175;8,35;;;;;;0
TS-9007-1020;5,225;10,45;;;;;;0
TS-9007-1021;2,075;4,15;;;;;;0
TS-9007-1022;4,175;8,35;;;;;;0
TS-9008-1003;12,6;25,2;;;;;;0
TS-9008-1004;12,575;25,15;;;;;;0
TS-ECK-150;25,7;51,4;;;;;;0
TS-ECK-175;27,275;54,55;;;;;;0
TS-ECK-200;29,375;58,75;;;;;;0
TS-ECK-225;31,475;62,95;;;;;;0
TS-ECK-250;33,575;67,15;;;;;;0
TS-ECK-275;35,675;71,35;;;;;;0
TS-ECK-300;36,725;73,45;;;;;;0
TS-ECK-350;39,35;78,7;;;;;;0
TS-ECK-400;41,45;82,9;;;;;;0
TS-HCB-038;6,53;13,06;;;;;;0
TS-HCB-045;6,53;13,06;;;;;;0
TS-HCB-051;6,53;13,06;;;;;;0
TS-HCB-057;7,02;14,04;;;;;;0
TS-HCB-063;7,02;14,04;;;;;;0
TS-HCB-069;7,02;14,04;;;;;;0
TS-HCB-076;7,02;14,04;;;;;;0
TS-HCB-082;7,775;15,55;;;;;;0
TS-HCB-088;7,775;15,55;;;;;;0
TS-HCB-095;7,775;15,55;;;;;;0
TS-HCB-101;8,11;16,22;;;;;;0
TS-HCB-108;8,11;16,22;;;;;;0
TS-HCS-003;4,175;8,35;;;;;;0
TS-HCS-005;4,175;8,35;;;;;;0
TS-HCS-006;4,175;8,35;;;;;;0
TS-HCT-M033;13,36;26,72;;;;;;0
TS-HCT-M042;13,625;27,25;;;;;;0
TS-HCT-M050;13,625;27,25;;;;;;0
TS-HCT-M062;14,675;29,35;;;;;;0
TS-HCT-M075;14,935;29,87;;;;;;0
TS-HCT-M081;15,2;30,4;;;;;;0
TS-HCT-M100;15,725;31,45;;;;;;0
TS-HE45075-BK;10,735;21,47;;;;;;0
TS-HE45100-BK;11,26;22,52;;;;;;0
TS-HE45125-BK;12,05;24,1;;;;;;0
TS-HE45150-BK;12,575;25,15;;;;;;0
TS-HE45175-BK;12,575;25,15;;;;;;0
TS-HE45200-BK;12,835;25,67;;;;;;0
TS-HE45225-BK;12,835;25,67;;;;;;0
TS-HE45250-BK;14,935;29,87;;;;;;0
TS-HE45275-BK;16,51;33,02;;;;;;0
TS-HE45300-BK;21,5;43;;;;;;0
TS-HE45350-BK;29,9;59,8;;;;;;0
TS-HE45400-BK;33,575;67,15;;;;;;0
TS-HE90100-BK;10,735;21,47;;;;;;0
TS-HE90125-BK;11,26;22,52;;;;;;0
TS-HE90150-BK;12,05;24,1;;;;;;0
TS-HE90175-BK;12,575;25,15;;;;;;0
TS-HE90200-BK;12,575;25,15;;;;;;0
TS-HE90225-BK;12,835;25,67;;;;;;0
TS-HE90250-BK;14,675;29,35;;;;;;0
TS-HE90275-BK;18,875;37,75;;;;;;0
TS-HE90300-BK;22,55;45,1;;;;;;0
TS-HE90350-BK;30,425;60,85;;;;;;0
TS-HE90400-BK;35,675;71,35;;;;;;0
TS-HH06303-BK;22,55;45,1;;;;;;0
TS-HH200-BK;13,36;26,72;;;;;;0
TS-HH225-BK;15,46;30,92;;;;;;0
TS-HH250-BK;16,51;33,02;;;;;;0
TS-HH275-BK;17,3;34,6;;;;;;0
TS-HH300-BK;17,825;35,65;;;;;;0
TS-HH350-BK;22,55;45,1;;;;;;0
TS-HH400-BK;26,75;53,5;;;;;;0
TS-HR125175-BK;6,8;13,6;;;;;;0
TS-HR150175-BK;8,375;16,75;;;;;;0
TS-HR150200-BK;8,635;17,27;;;;;;0
TS-HR175200-BK;8,635;17,27;;;;;;0
TS-HR175225-BK;8,9;17,8;;;;;;0
TS-HR175300-BK;11,26;22,52;;;;;;0
TS-HR200225-BK;8,9;17,8;;;;;;0
TS-HR200250-BK;10,21;20,42;;;;;;0
TS-HR200275-BK;10,735;21,47;;;;;;0
TS-HR200300-BK;10,735;21,47;;;;;;0
TS-HR200325-BK;11,525;23,05;;;;;;0
TS-HR225250-BK;10,21;20,42;;;;;;0
TS-HR225275-BK;10,735;21,47;;;;;;0
TS-HR225300-BK;11,525;23,05;;;;;;0
TS-HR250275-BK;11;22;;;;;;0
TS-HR250300-BK;11;22;;;;;;0
TS-HR250325-BK;12,31;24,62;;;;;;0
TS-HR275300-BK;11,26;22,52;;;;;;0
TS-HR275350-BK;12,575;25,15;;;;;;0
TS-HR300325-BK;12,575;25,15;;;;;;0
TS-HR300350-BK;12,575;25,15;;;;;;0
TS-HR300375-BK;13,1;26,2;;;;;;0
TS-HR300400-BK;13,1;26,2;;;;;;0
TS-HR325400-BK;14,675;29,35;;;;;;0
TS-HR350375-BK;14,675;29,35;;;;;;0
TS-HR350400-BK;14,675;29,35;;;;;;0
TS-HRE2025-BK;16,775;33,55;;;;;;0
TS-HRE42030-BK;16,775;33,55;;;;;;0
TS-HRE42225-BK;17,825;35,65;;;;;;0
TS-HRE4250275-BK;16,51;33,02;;;;;;0
TS-HRE42530-BK;16,51;33,02;;;;;;0
TS-HRE4275300-BK;16,51;33,02;;;;;;0
TS-HRE92025-BK;22,81;45,62;;;;;;0
TS-HRE92030-BK;20,45;40,9;;;;;;0
TS-HRE9250275-BK;20,45;40,9;;;;;;0
TS-HRE92530-BK;25,175;50,35;;;;;;0
TS-HRE9275300-BK;18,875;37,75;;;;;;0
TS-HS100060-BK;3,65;7,3;;;;;;0
TS-HS100610-BK;11,26;22,52;;;;;;0
TS-HS110060-BK;3,91;7,82;;;;;;0
TS-HS110610-BK;12,31;24,62;;;;;;0
TS-HS125060-BK;3,91;7,82;;;;;;0
TS-HS125610-BK;14,41;28,82;;;;;;0
TS-HS150060-BK;4,435;8,87;;;;;;0
TS-HS150610-BK;16,25;32,5;;;;;;0
TS-HS175060-BK;6,8;13,6;;;;;;0
TS-HS175610-BK;16,775;33,55;;;;;;0
TS-HS200075-BK;7,325;14,65;;;;;;0
TS-HS200610-BK;18,875;37,75;;;;;;0
TS-HS225075-BK;8,635;17,27;;;;;;0
TS-HS225610-BK;22,55;45,1;;;;;;0
TS-HS236075-BK;9,425;18,85;;;;;;0
TS-HS250075-BK;9,425;18,85;;;;;;0
TS-HS250610-BK;26,225;52,45;;;;;;0
TS-HS275075-BK;8,9;17,8;;;;;;0
TS-HS275610-BK;26,225;52,45;;;;;;0
TS-HS300075-BK;8,635;17,27;;;;;;0
TS-HS300610-BK;29,9;59,8;;;;;;0
TS-HS325090-BK;9,425;18,85;;;;;;0
TS-HS325610-BK;29,9;59,8;;;;;;0
TS-HS350090-BK;9,425;18,85;;;;;;0
TS-HS350610-BK;33,575;67,15;;;;;;0
TS-HS375090-BK;8,9;17,8;;;;;;0
TS-HS375610-BK;36,725;73,45;;;;;;0
TS-HS400090-BK;9,425;18,85;;;;;;0
TS-HS400610-BK;33,575;67,15;;;;;;0
TS-HT200150-BK;16,775;33,55;;;;;;0
TS-HT225150-BK;16,775;33,55;;;;;;0
TS-HT250150-BK;16,775;33,55;;;;;;0
TS-HT275150-BK;17,56;35,12;;;;;;0
TS-HT300150-BK;18,085;36,17;;;;;;0
TS-HV0303-BE;7,02;14,04;;;;;;0
TS-HV0303-BK;7,02;14,04;;;;;;0
TS-HV0303-RD;7,02;14,04;;;;;;0
TS-HV0403-BE;7,265;14,53;;;;;;0
TS-HV0403-BK;7,265;14,53;;;;;;0
TS-HV0403-RD;7,265;14,53;;;;;;0
TS-HV0503-BE;7,75;15,5;;;;;;0
TS-HV0503-BK;7,75;15,5;;;;;;0
TS-HV0503-RD;7,75;15,5;;;;;;0
TS-HV0603-BE;8,075;16,15;;;;;;0
TS-HV0603-BK;8,075;16,15;;;;;;0
TS-HV0603-RD;8,075;16,15;;;;;;0
TS-HVR0303-BK;11,26;22,52;;;;;;0
TS-HVR0403-BK;13,36;26,72;;;;;;0
TS-HVR0503-BK;14,935;29,87;;;;;;0
TS-HVR0603-BK;16,775;33,55;;;;;;0
