﻿Manufacturer;Supplier;Price;Purchase;%;VAT;Reference;Name;EAN13;Category;Meta title;Tags;Keywords;Rewrite;short_description
PracWorks;PracWorks;1400;910;25;7;HK-N-20-BK-PO-RA;PracWorks Honda K-series Intake Manifold 20° Plenum Black Polished Rail ;;Home;PracWorks Honda K-series Intake Manifold 20° Plenum Black Polished Rail ;PracWorks,Prac,Works,HK-N-20-BK-PO-RA,Honda,K,series,Intake,Manifold,20°,Plenum,Black,Polished,Rail,FWD,Application,Sidefeed;PracWorks,Prac,Works,HK-N-20-BK-PO-RA,Honda,K,series,Intake,Manifold,20°,Plenum,Black,Polished,Rail,FWD,Application,Sidefeed;PracWorks-HK-N-20-BK-PO-RA;HK-N-20
PracWorks;PracWorks;1275;828,75;25;7;HK-N-20-BK-PO-NO;PracWorks Honda K-series Intake Manifold 20° Plenum Black Polished No Rail ;;Home;PracWorks Honda K-series Intake Manifold 20° Plenum Black Polished No Rail ;PracWorks,Prac,Works,HK-N-20-BK-PO-NO,Honda,K,series,Intake,Manifold,20°,Plenum,Black,Polished,No,Rail,FWD,Application,Sidefeed;PracWorks,Prac,Works,HK-N-20-BK-PO-NO,Honda,K,series,Intake,Manifold,20°,Plenum,Black,Polished,No,Rail,FWD,Application,Sidefeed;PracWorks-HK-N-20-BK-PO-NO;HK-N-20
PracWorks;PracWorks;1500;975;25;7;HK-N-20-BK-MA-RA;PracWorks Honda K-series Intake Manifold 20° Plenum Black Matte Rail ;;Home;PracWorks Honda K-series Intake Manifold 20° Plenum Black Matte Rail ;PracWorks,Prac,Works,HK-N-20-BK-MA-RA,Honda,K,series,Intake,Manifold,20°,Plenum,Black,Matte,Rail,FWD,Application,Sidefeed;PracWorks,Prac,Works,HK-N-20-BK-MA-RA,Honda,K,series,Intake,Manifold,20°,Plenum,Black,Matte,Rail,FWD,Application,Sidefeed;PracWorks-HK-N-20-BK-MA-RA;HK-N-20
PracWorks;PracWorks;1375;893,75;25;7;HK-N-20-BK-MA-NO;PracWorks Honda K-series Intake Manifold 20° Plenum Black Matte No Rail ;;Home;PracWorks Honda K-series Intake Manifold 20° Plenum Black Matte No Rail ;PracWorks,Prac,Works,HK-N-20-BK-MA-NO,Honda,K,series,Intake,Manifold,20°,Plenum,Black,Matte,No,Rail,FWD,Application,Sidefeed;PracWorks,Prac,Works,HK-N-20-BK-MA-NO,Honda,K,series,Intake,Manifold,20°,Plenum,Black,Matte,No,Rail,FWD,Application,Sidefeed;PracWorks-HK-N-20-BK-MA-NO;HK-N-20
PracWorks;PracWorks;1325;861,25;25;7;HK-N-20-RD-PO-RA;PracWorks Honda K-series Intake Manifold 20° Plenum Red Polished Rail ;;Home;PracWorks Honda K-series Intake Manifold 20° Plenum Red Polished Rail ;PracWorks,Prac,Works,HK-N-20-RD-PO-RA,Honda,K,series,Intake,Manifold,20°,Plenum,Red,Polished,Rail,FWD,Application,Sidefeed;PracWorks,Prac,Works,HK-N-20-RD-PO-RA,Honda,K,series,Intake,Manifold,20°,Plenum,Red,Polished,Rail,FWD,Application,Sidefeed;PracWorks-HK-N-20-RD-PO-RA;HK-N-20
PracWorks;PracWorks;1200;780;25;7;HK-N-20-RD-PO-NO;PracWorks Honda K-series Intake Manifold 20° Plenum Red Polished No Rail ;;Home;PracWorks Honda K-series Intake Manifold 20° Plenum Red Polished No Rail ;PracWorks,Prac,Works,HK-N-20-RD-PO-NO,Honda,K,series,Intake,Manifold,20°,Plenum,Red,Polished,No,Rail,FWD,Application,Sidefeed;PracWorks,Prac,Works,HK-N-20-RD-PO-NO,Honda,K,series,Intake,Manifold,20°,Plenum,Red,Polished,No,Rail,FWD,Application,Sidefeed;PracWorks-HK-N-20-RD-PO-NO;HK-N-20
PracWorks;PracWorks;1425;926,25;25;7;HK-N-20-RD-MA-RA;PracWorks Honda K-series Intake Manifold 20° Plenum Red Matte Rail ;;Home;PracWorks Honda K-series Intake Manifold 20° Plenum Red Matte Rail ;PracWorks,Prac,Works,HK-N-20-RD-MA-RA,Honda,K,series,Intake,Manifold,20°,Plenum,Red,Matte,Rail,FWD,Application,Sidefeed;PracWorks,Prac,Works,HK-N-20-RD-MA-RA,Honda,K,series,Intake,Manifold,20°,Plenum,Red,Matte,Rail,FWD,Application,Sidefeed;PracWorks-HK-N-20-RD-MA-RA;HK-N-20
PracWorks;PracWorks;1300;845;25;7;HK-N-20-RD-MA-NO;PracWorks Honda K-series Intake Manifold 20° Plenum Red Matte No Rail ;;Home;PracWorks Honda K-series Intake Manifold 20° Plenum Red Matte No Rail ;PracWorks,Prac,Works,HK-N-20-RD-MA-NO,Honda,K,series,Intake,Manifold,20°,Plenum,Red,Matte,No,Rail,FWD,Application,Sidefeed;PracWorks,Prac,Works,HK-N-20-RD-MA-NO,Honda,K,series,Intake,Manifold,20°,Plenum,Red,Matte,No,Rail,FWD,Application,Sidefeed;PracWorks-HK-N-20-RD-MA-NO;HK-N-20
PracWorks;PracWorks;1400;910;25;7;HK-L-20-BK-PO-RA;PracWorks Honda K-series Intake Manifold 20° Plenum Black Polished Rail ;;Home;PracWorks Honda K-series Intake Manifold 20° Plenum Black Polished Rail ;PracWorks,Prac,Works,HK-L-20-BK-PO-RA,Honda,K,series,Intake,Manifold,20°,Plenum,Black,Polished,Rail,FWD,Application,Sidefeed,Lowered,for,K24;PracWorks,Prac,Works,HK-L-20-BK-PO-RA,Honda,K,series,Intake,Manifold,20°,Plenum,Black,Polished,Rail,FWD,Application,Sidefeed,Lowered,for,K24;PracWorks-HK-L-20-BK-PO-RA;HK-L-20
PracWorks;PracWorks;1275;828,75;25;7;HK-L-20-BK-PO-NO;PracWorks Honda K-series Intake Manifold 20° Plenum Black Polished No Rail ;;Home;PracWorks Honda K-series Intake Manifold 20° Plenum Black Polished No Rail ;PracWorks,Prac,Works,HK-L-20-BK-PO-NO,Honda,K,series,Intake,Manifold,20°,Plenum,Black,Polished,No,Rail,FWD,Application,Sidefeed,Lowered,for,K24;PracWorks,Prac,Works,HK-L-20-BK-PO-NO,Honda,K,series,Intake,Manifold,20°,Plenum,Black,Polished,No,Rail,FWD,Application,Sidefeed,Lowered,for,K24;PracWorks-HK-L-20-BK-PO-NO;HK-L-20
PracWorks;PracWorks;1500;975;25;7;HK-L-20-BK-MA-RA;PracWorks Honda K-series Intake Manifold 20° Plenum Black Matte Rail ;;Home;PracWorks Honda K-series Intake Manifold 20° Plenum Black Matte Rail ;PracWorks,Prac,Works,HK-L-20-BK-MA-RA,Honda,K,series,Intake,Manifold,20°,Plenum,Black,Matte,Rail,FWD,Application,Sidefeed,Lowered,for,K24;PracWorks,Prac,Works,HK-L-20-BK-MA-RA,Honda,K,series,Intake,Manifold,20°,Plenum,Black,Matte,Rail,FWD,Application,Sidefeed,Lowered,for,K24;PracWorks-HK-L-20-BK-MA-RA;HK-L-20
PracWorks;PracWorks;1375;893,75;25;7;HK-L-20-BK-MA-NO;PracWorks Honda K-series Intake Manifold 20° Plenum Black Matte No Rail ;;Home;PracWorks Honda K-series Intake Manifold 20° Plenum Black Matte No Rail ;PracWorks,Prac,Works,HK-L-20-BK-MA-NO,Honda,K,series,Intake,Manifold,20°,Plenum,Black,Matte,No,Rail,FWD,Application,Sidefeed,Lowered,for,K24;PracWorks,Prac,Works,HK-L-20-BK-MA-NO,Honda,K,series,Intake,Manifold,20°,Plenum,Black,Matte,No,Rail,FWD,Application,Sidefeed,Lowered,for,K24;PracWorks-HK-L-20-BK-MA-NO;HK-L-20
PracWorks;PracWorks;1325;861,25;25;7;HK-L-20-RD-PO-RA;PracWorks Honda K-series Intake Manifold 20° Plenum Red Polished Rail ;;Home;PracWorks Honda K-series Intake Manifold 20° Plenum Red Polished Rail ;PracWorks,Prac,Works,HK-L-20-RD-PO-RA,Honda,K,series,Intake,Manifold,20°,Plenum,Red,Polished,Rail,FWD,Application,Sidefeed,Lowered,for,K24;PracWorks,Prac,Works,HK-L-20-RD-PO-RA,Honda,K,series,Intake,Manifold,20°,Plenum,Red,Polished,Rail,FWD,Application,Sidefeed,Lowered,for,K24;PracWorks-HK-L-20-RD-PO-RA;HK-L-20
PracWorks;PracWorks;1200;780;25;7;HK-L-20-RD-PO-NO;PracWorks Honda K-series Intake Manifold 20° Plenum Red Polished No Rail ;;Home;PracWorks Honda K-series Intake Manifold 20° Plenum Red Polished No Rail ;PracWorks,Prac,Works,HK-L-20-RD-PO-NO,Honda,K,series,Intake,Manifold,20°,Plenum,Red,Polished,No,Rail,FWD,Application,Sidefeed,Lowered,for,K24;PracWorks,Prac,Works,HK-L-20-RD-PO-NO,Honda,K,series,Intake,Manifold,20°,Plenum,Red,Polished,No,Rail,FWD,Application,Sidefeed,Lowered,for,K24;PracWorks-HK-L-20-RD-PO-NO;HK-L-20
PracWorks;PracWorks;1425;926,25;25;7;HK-L-20-RD-MA-RA;PracWorks Honda K-series Intake Manifold 20° Plenum Red Matte Rail ;;Home;PracWorks Honda K-series Intake Manifold 20° Plenum Red Matte Rail ;PracWorks,Prac,Works,HK-L-20-RD-MA-RA,Honda,K,series,Intake,Manifold,20°,Plenum,Red,Matte,Rail,FWD,Application,Sidefeed,Lowered,for,K24;PracWorks,Prac,Works,HK-L-20-RD-MA-RA,Honda,K,series,Intake,Manifold,20°,Plenum,Red,Matte,Rail,FWD,Application,Sidefeed,Lowered,for,K24;PracWorks-HK-L-20-RD-MA-RA;HK-L-20
PracWorks;PracWorks;1300;845;25;7;HK-L-20-RD-MA-NO;PracWorks Honda K-series Intake Manifold 20° Plenum Red Matte No Rail ;;Home;PracWorks Honda K-series Intake Manifold 20° Plenum Red Matte No Rail ;PracWorks,Prac,Works,HK-L-20-RD-MA-NO,Honda,K,series,Intake,Manifold,20°,Plenum,Red,Matte,No,Rail,FWD,Application,Sidefeed,Lowered,for,K24;PracWorks,Prac,Works,HK-L-20-RD-MA-NO,Honda,K,series,Intake,Manifold,20°,Plenum,Red,Matte,No,Rail,FWD,Application,Sidefeed,Lowered,for,K24;PracWorks-HK-L-20-RD-MA-NO;HK-L-20
PracWorks;PracWorks;1650;1072,5;25;7;HK-N-CTR-BK-PO-RA;PracWorks Honda K-series Intake Manifold Centerfeed Black Polished Rail ;;Home;PracWorks Honda K-series Intake Manifold Centerfeed Black Polished Rail ;PracWorks,Prac,Works,HK-N-CTR-BK-PO-RA,Honda,K,series,Intake,Manifold,Centerfeed,Black,Polished,Rail,FWD,Application,Centerfeed;PracWorks,Prac,Works,HK-N-CTR-BK-PO-RA,Honda,K,series,Intake,Manifold,Centerfeed,Black,Polished,Rail,FWD,Application,Centerfeed;PracWorks-HK-N-CTR-BK-PO-RA;HK-N-CTR
PracWorks;PracWorks;1525;991,25;25;7;HK-N-CTR-BK-PO-NO;PracWorks Honda K-series Intake Manifold Centerfeed Black Polished No Rail ;;Home;PracWorks Honda K-series Intake Manifold Centerfeed Black Polished No Rail ;PracWorks,Prac,Works,HK-N-CTR-BK-PO-NO,Honda,K,series,Intake,Manifold,Centerfeed,Black,Polished,No,Rail,FWD,Application,Centerfeed;PracWorks,Prac,Works,HK-N-CTR-BK-PO-NO,Honda,K,series,Intake,Manifold,Centerfeed,Black,Polished,No,Rail,FWD,Application,Centerfeed;PracWorks-HK-N-CTR-BK-PO-NO;HK-N-CTR
PracWorks;PracWorks;1750;1137,5;25;7;HK-N-CTR-BK-MA-RA;PracWorks Honda K-series Intake Manifold Centerfeed Black Matte Rail ;;Home;PracWorks Honda K-series Intake Manifold Centerfeed Black Matte Rail ;PracWorks,Prac,Works,HK-N-CTR-BK-MA-RA,Honda,K,series,Intake,Manifold,Centerfeed,Black,Matte,Rail,FWD,Application,Centerfeed;PracWorks,Prac,Works,HK-N-CTR-BK-MA-RA,Honda,K,series,Intake,Manifold,Centerfeed,Black,Matte,Rail,FWD,Application,Centerfeed;PracWorks-HK-N-CTR-BK-MA-RA;HK-N-CTR
PracWorks;PracWorks;1625;1056,25;25;7;HK-N-CTR-BK-MA-NO;PracWorks Honda K-series Intake Manifold Centerfeed Black Matte No Rail ;;Home;PracWorks Honda K-series Intake Manifold Centerfeed Black Matte No Rail ;PracWorks,Prac,Works,HK-N-CTR-BK-MA-NO,Honda,K,series,Intake,Manifold,Centerfeed,Black,Matte,No,Rail,FWD,Application,Centerfeed;PracWorks,Prac,Works,HK-N-CTR-BK-MA-NO,Honda,K,series,Intake,Manifold,Centerfeed,Black,Matte,No,Rail,FWD,Application,Centerfeed;PracWorks-HK-N-CTR-BK-MA-NO;HK-N-CTR
PracWorks;PracWorks;1575;1023,75;25;7;HK-N-CTR-RD-PO-RA;PracWorks Honda K-series Intake Manifold Centerfeed Red Polished Rail ;;Home;PracWorks Honda K-series Intake Manifold Centerfeed Red Polished Rail ;PracWorks,Prac,Works,HK-N-CTR-RD-PO-RA,Honda,K,series,Intake,Manifold,Centerfeed,Red,Polished,Rail,FWD,Application,Centerfeed;PracWorks,Prac,Works,HK-N-CTR-RD-PO-RA,Honda,K,series,Intake,Manifold,Centerfeed,Red,Polished,Rail,FWD,Application,Centerfeed;PracWorks-HK-N-CTR-RD-PO-RA;HK-N-CTR
PracWorks;PracWorks;1450;942,5;25;7;HK-N-CTR-RD-PO-NO;PracWorks Honda K-series Intake Manifold Centerfeed Red Polished No Rail ;;Home;PracWorks Honda K-series Intake Manifold Centerfeed Red Polished No Rail ;PracWorks,Prac,Works,HK-N-CTR-RD-PO-NO,Honda,K,series,Intake,Manifold,Centerfeed,Red,Polished,No,Rail,FWD,Application,Centerfeed;PracWorks,Prac,Works,HK-N-CTR-RD-PO-NO,Honda,K,series,Intake,Manifold,Centerfeed,Red,Polished,No,Rail,FWD,Application,Centerfeed;PracWorks-HK-N-CTR-RD-PO-NO;HK-N-CTR
PracWorks;PracWorks;1675;1088,75;25;7;HK-N-CTR-RD-MA-RA;PracWorks Honda K-series Intake Manifold Centerfeed Red Matte Rail ;;Home;PracWorks Honda K-series Intake Manifold Centerfeed Red Matte Rail ;PracWorks,Prac,Works,HK-N-CTR-RD-MA-RA,Honda,K,series,Intake,Manifold,Centerfeed,Red,Matte,Rail,FWD,Application,Centerfeed;PracWorks,Prac,Works,HK-N-CTR-RD-MA-RA,Honda,K,series,Intake,Manifold,Centerfeed,Red,Matte,Rail,FWD,Application,Centerfeed;PracWorks-HK-N-CTR-RD-MA-RA;HK-N-CTR
PracWorks;PracWorks;1550;1007,5;25;7;HK-N-CTR-RD-MA-NO;PracWorks Honda K-series Intake Manifold Centerfeed Red Matte No Rail ;;Home;PracWorks Honda K-series Intake Manifold Centerfeed Red Matte No Rail ;PracWorks,Prac,Works,HK-N-CTR-RD-MA-NO,Honda,K,series,Intake,Manifold,Centerfeed,Red,Matte,No,Rail,FWD,Application,Centerfeed;PracWorks,Prac,Works,HK-N-CTR-RD-MA-NO,Honda,K,series,Intake,Manifold,Centerfeed,Red,Matte,No,Rail,FWD,Application,Centerfeed;PracWorks-HK-N-CTR-RD-MA-NO;HK-N-CTR
PracWorks;PracWorks;1500;975;25;7;HK-R-00-BK-PO-RA;PracWorks Honda K-series RWD Intake Manifold Black Polished Rail ;;Home;PracWorks Honda K-series RWD Intake Manifold Black Polished Rail ;PracWorks,Prac,Works,HK-R-00-BK-PO-RA,Honda,K,series,RWD,Intake,Manifold,Black,Polished,Rail,RWD,Application;PracWorks,Prac,Works,HK-R-00-BK-PO-RA,Honda,K,series,RWD,Intake,Manifold,Black,Polished,Rail,RWD,Application;PracWorks-HK-R-00-BK-PO-RA;HK-R-00
PracWorks;PracWorks;1375;893,75;25;7;HK-R-00-BK-PO-NO;PracWorks Honda K-series RWD Intake Manifold Black Polished No Rail ;;Home;PracWorks Honda K-series RWD Intake Manifold Black Polished No Rail ;PracWorks,Prac,Works,HK-R-00-BK-PO-NO,Honda,K,series,RWD,Intake,Manifold,Black,Polished,No,Rail,RWD,Application;PracWorks,Prac,Works,HK-R-00-BK-PO-NO,Honda,K,series,RWD,Intake,Manifold,Black,Polished,No,Rail,RWD,Application;PracWorks-HK-R-00-BK-PO-NO;HK-R-00
PracWorks;PracWorks;1600;1040;25;7;HK-R-00-BK-MA-RA;PracWorks Honda K-series RWD Intake Manifold Black Matte Rail ;;Home;PracWorks Honda K-series RWD Intake Manifold Black Matte Rail ;PracWorks,Prac,Works,HK-R-00-BK-MA-RA,Honda,K,series,RWD,Intake,Manifold,Black,Matte,Rail,RWD,Application;PracWorks,Prac,Works,HK-R-00-BK-MA-RA,Honda,K,series,RWD,Intake,Manifold,Black,Matte,Rail,RWD,Application;PracWorks-HK-R-00-BK-MA-RA;HK-R-00
PracWorks;PracWorks;1475;958,75;25;7;HK-R-00-BK-MA-NO;PracWorks Honda K-series RWD Intake Manifold Black Matte No Rail ;;Home;PracWorks Honda K-series RWD Intake Manifold Black Matte No Rail ;PracWorks,Prac,Works,HK-R-00-BK-MA-NO,Honda,K,series,RWD,Intake,Manifold,Black,Matte,No,Rail,RWD,Application;PracWorks,Prac,Works,HK-R-00-BK-MA-NO,Honda,K,series,RWD,Intake,Manifold,Black,Matte,No,Rail,RWD,Application;PracWorks-HK-R-00-BK-MA-NO;HK-R-00
PracWorks;PracWorks;1425;926,25;25;7;HK-R-00-RD-PO-RA;PracWorks Honda K-series RWD Intake Manifold Red Polished Rail ;;Home;PracWorks Honda K-series RWD Intake Manifold Red Polished Rail ;PracWorks,Prac,Works,HK-R-00-RD-PO-RA,Honda,K,series,RWD,Intake,Manifold,Red,Polished,Rail,RWD,Application;PracWorks,Prac,Works,HK-R-00-RD-PO-RA,Honda,K,series,RWD,Intake,Manifold,Red,Polished,Rail,RWD,Application;PracWorks-HK-R-00-RD-PO-RA;HK-R-00
PracWorks;PracWorks;1300;845;25;7;HK-R-00-RD-PO-NO;PracWorks Honda K-series RWD Intake Manifold Red Polished No Rail ;;Home;PracWorks Honda K-series RWD Intake Manifold Red Polished No Rail ;PracWorks,Prac,Works,HK-R-00-RD-PO-NO,Honda,K,series,RWD,Intake,Manifold,Red,Polished,No,Rail,RWD,Application;PracWorks,Prac,Works,HK-R-00-RD-PO-NO,Honda,K,series,RWD,Intake,Manifold,Red,Polished,No,Rail,RWD,Application;PracWorks-HK-R-00-RD-PO-NO;HK-R-00
PracWorks;PracWorks;1525;991,25;25;7;HK-R-00-RD-MA-RA;PracWorks Honda K-series RWD Intake Manifold Red Matte Rail ;;Home;PracWorks Honda K-series RWD Intake Manifold Red Matte Rail ;PracWorks,Prac,Works,HK-R-00-RD-MA-RA,Honda,K,series,RWD,Intake,Manifold,Red,Matte,Rail,RWD,Application;PracWorks,Prac,Works,HK-R-00-RD-MA-RA,Honda,K,series,RWD,Intake,Manifold,Red,Matte,Rail,RWD,Application;PracWorks-HK-R-00-RD-MA-RA;HK-R-00
PracWorks;PracWorks;1400;910;25;7;HK-R-00-RD-MA-NO;PracWorks Honda K-series RWD Intake Manifold Red Matte No Rail ;;Home;PracWorks Honda K-series RWD Intake Manifold Red Matte No Rail ;PracWorks,Prac,Works,HK-R-00-RD-MA-NO,Honda,K,series,RWD,Intake,Manifold,Red,Matte,No,Rail,RWD,Application;PracWorks,Prac,Works,HK-R-00-RD-MA-NO,Honda,K,series,RWD,Intake,Manifold,Red,Matte,No,Rail,RWD,Application;PracWorks-HK-R-00-RD-MA-NO;HK-R-00
PracWorks;PracWorks;1550;1007,5;25;7;HF-N-00-BK-PO-RA;PracWorks Honda S2000 Intake Manifold Black Polished Rail ;;Home;PracWorks Honda S2000 Intake Manifold Black Polished Rail ;PracWorks,Prac,Works,HF-N-00-BK-PO-RA,Honda,S2000,Intake,Manifold,Black,Polished,Rail,Honda,S2000,AP1,,Ap1.5,&,AP2;PracWorks,Prac,Works,HF-N-00-BK-PO-RA,Honda,S2000,Intake,Manifold,Black,Polished,Rail,Honda,S2000,AP1,,Ap1.5,&,AP2;PracWorks-HF-N-00-BK-PO-RA;HF-N-00
PracWorks;PracWorks;1425;926,25;25;7;HF-N-00-BK-PO-NO;PracWorks Honda S2000 Intake Manifold Black Polished No Rail ;;Home;PracWorks Honda S2000 Intake Manifold Black Polished No Rail ;PracWorks,Prac,Works,HF-N-00-BK-PO-NO,Honda,S2000,Intake,Manifold,Black,Polished,No,Rail,Honda,S2000,AP1,,Ap1.5,&,AP2;PracWorks,Prac,Works,HF-N-00-BK-PO-NO,Honda,S2000,Intake,Manifold,Black,Polished,No,Rail,Honda,S2000,AP1,,Ap1.5,&,AP2;PracWorks-HF-N-00-BK-PO-NO;HF-N-00
PracWorks;PracWorks;1650;1072,5;25;7;HF-N-00-BK-MA-RA;PracWorks Honda S2000 Intake Manifold Black Matte Rail ;;Home;PracWorks Honda S2000 Intake Manifold Black Matte Rail ;PracWorks,Prac,Works,HF-N-00-BK-MA-RA,Honda,S2000,Intake,Manifold,Black,Matte,Rail,Honda,S2000,AP1,,Ap1.5,&,AP2;PracWorks,Prac,Works,HF-N-00-BK-MA-RA,Honda,S2000,Intake,Manifold,Black,Matte,Rail,Honda,S2000,AP1,,Ap1.5,&,AP2;PracWorks-HF-N-00-BK-MA-RA;HF-N-00
PracWorks;PracWorks;1525;991,25;25;7;HF-N-00-BK-MA-NO;PracWorks Honda S2000 Intake Manifold Black Matte No Rail ;;Home;PracWorks Honda S2000 Intake Manifold Black Matte No Rail ;PracWorks,Prac,Works,HF-N-00-BK-MA-NO,Honda,S2000,Intake,Manifold,Black,Matte,No,Rail,Honda,S2000,AP1,,Ap1.5,&,AP2;PracWorks,Prac,Works,HF-N-00-BK-MA-NO,Honda,S2000,Intake,Manifold,Black,Matte,No,Rail,Honda,S2000,AP1,,Ap1.5,&,AP2;PracWorks-HF-N-00-BK-MA-NO;HF-N-00
PracWorks;PracWorks;1475;958,75;25;7;HF-N-00-RD-PO-RA;PracWorks Honda S2000 Intake Manifold Red Polished Rail ;;Home;PracWorks Honda S2000 Intake Manifold Red Polished Rail ;PracWorks,Prac,Works,HF-N-00-RD-PO-RA,Honda,S2000,Intake,Manifold,Red,Polished,Rail,Honda,S2000,AP1,,Ap1.5,&,AP2;PracWorks,Prac,Works,HF-N-00-RD-PO-RA,Honda,S2000,Intake,Manifold,Red,Polished,Rail,Honda,S2000,AP1,,Ap1.5,&,AP2;PracWorks-HF-N-00-RD-PO-RA;HF-N-00
PracWorks;PracWorks;1350;877,5;25;7;HF-N-00-RD-PO-NO;PracWorks Honda S2000 Intake Manifold Red Polished No Rail ;;Home;PracWorks Honda S2000 Intake Manifold Red Polished No Rail ;PracWorks,Prac,Works,HF-N-00-RD-PO-NO,Honda,S2000,Intake,Manifold,Red,Polished,No,Rail,Honda,S2000,AP1,,Ap1.5,&,AP2;PracWorks,Prac,Works,HF-N-00-RD-PO-NO,Honda,S2000,Intake,Manifold,Red,Polished,No,Rail,Honda,S2000,AP1,,Ap1.5,&,AP2;PracWorks-HF-N-00-RD-PO-NO;HF-N-00
PracWorks;PracWorks;1575;1023,75;25;7;HF-N-00-RD-MA-RA;PracWorks Honda S2000 Intake Manifold Red Matte Rail ;;Home;PracWorks Honda S2000 Intake Manifold Red Matte Rail ;PracWorks,Prac,Works,HF-N-00-RD-MA-RA,Honda,S2000,Intake,Manifold,Red,Matte,Rail,Honda,S2000,AP1,,Ap1.5,&,AP2;PracWorks,Prac,Works,HF-N-00-RD-MA-RA,Honda,S2000,Intake,Manifold,Red,Matte,Rail,Honda,S2000,AP1,,Ap1.5,&,AP2;PracWorks-HF-N-00-RD-MA-RA;HF-N-00
PracWorks;PracWorks;1450;942,5;25;7;HF-N-00-RD-MA-NO;PracWorks Honda S2000 Intake Manifold Red Matte No Rail ;;Home;PracWorks Honda S2000 Intake Manifold Red Matte No Rail ;PracWorks,Prac,Works,HF-N-00-RD-MA-NO,Honda,S2000,Intake,Manifold,Red,Matte,No,Rail,Honda,S2000,AP1,,Ap1.5,&,AP2;PracWorks,Prac,Works,HF-N-00-RD-MA-NO,Honda,S2000,Intake,Manifold,Red,Matte,No,Rail,Honda,S2000,AP1,,Ap1.5,&,AP2;PracWorks-HF-N-00-RD-MA-NO;HF-N-00
PracWorks;PracWorks;1400;910;25;7;HB-N-20-BK-PO-RA;PracWorks Honda B-Series Intake Manifold Black Polished Rail ;;Home;PracWorks Honda B-Series Intake Manifold Black Polished Rail ;PracWorks,Prac,Works,HB-N-20-BK-PO-RA,Honda,B,Series,Intake,Manifold,Black,Polished,Rail,B,series,GSR,and,Type,R;PracWorks,Prac,Works,HB-N-20-BK-PO-RA,Honda,B,Series,Intake,Manifold,Black,Polished,Rail,B,series,GSR,and,Type,R;PracWorks-HB-N-20-BK-PO-RA;HB-N-20
PracWorks;PracWorks;1275;828,75;25;7;HB-N-20-BK-PO-NO;PracWorks Honda B-Series Intake Manifold Black Polished No Rail ;;Home;PracWorks Honda B-Series Intake Manifold Black Polished No Rail ;PracWorks,Prac,Works,HB-N-20-BK-PO-NO,Honda,B,Series,Intake,Manifold,Black,Polished,No,Rail,B,series,GSR,and,Type,R;PracWorks,Prac,Works,HB-N-20-BK-PO-NO,Honda,B,Series,Intake,Manifold,Black,Polished,No,Rail,B,series,GSR,and,Type,R;PracWorks-HB-N-20-BK-PO-NO;HB-N-20
PracWorks;PracWorks;1500;975;25;7;HB-N-20-BK-MA-RA;PracWorks Honda B-Series Intake Manifold Black Matte Rail ;;Home;PracWorks Honda B-Series Intake Manifold Black Matte Rail ;PracWorks,Prac,Works,HB-N-20-BK-MA-RA,Honda,B,Series,Intake,Manifold,Black,Matte,Rail,B,series,GSR,and,Type,R;PracWorks,Prac,Works,HB-N-20-BK-MA-RA,Honda,B,Series,Intake,Manifold,Black,Matte,Rail,B,series,GSR,and,Type,R;PracWorks-HB-N-20-BK-MA-RA;HB-N-20
PracWorks;PracWorks;1375;893,75;25;7;HB-N-20-BK-MA-NO;PracWorks Honda B-Series Intake Manifold Black Matte No Rail ;;Home;PracWorks Honda B-Series Intake Manifold Black Matte No Rail ;PracWorks,Prac,Works,HB-N-20-BK-MA-NO,Honda,B,Series,Intake,Manifold,Black,Matte,No,Rail,B,series,GSR,and,Type,R;PracWorks,Prac,Works,HB-N-20-BK-MA-NO,Honda,B,Series,Intake,Manifold,Black,Matte,No,Rail,B,series,GSR,and,Type,R;PracWorks-HB-N-20-BK-MA-NO;HB-N-20
PracWorks;PracWorks;1325;861,25;25;7;HB-N-20-RD-PO-RA;PracWorks Honda B-Series Intake Manifold Red Polished Rail ;;Home;PracWorks Honda B-Series Intake Manifold Red Polished Rail ;PracWorks,Prac,Works,HB-N-20-RD-PO-RA,Honda,B,Series,Intake,Manifold,Red,Polished,Rail,B,series,GSR,and,Type,R;PracWorks,Prac,Works,HB-N-20-RD-PO-RA,Honda,B,Series,Intake,Manifold,Red,Polished,Rail,B,series,GSR,and,Type,R;PracWorks-HB-N-20-RD-PO-RA;HB-N-20
PracWorks;PracWorks;1200;780;25;7;HB-N-20-RD-PO-NO;PracWorks Honda B-Series Intake Manifold Red Polished No Rail ;;Home;PracWorks Honda B-Series Intake Manifold Red Polished No Rail ;PracWorks,Prac,Works,HB-N-20-RD-PO-NO,Honda,B,Series,Intake,Manifold,Red,Polished,No,Rail,B,series,GSR,and,Type,R;PracWorks,Prac,Works,HB-N-20-RD-PO-NO,Honda,B,Series,Intake,Manifold,Red,Polished,No,Rail,B,series,GSR,and,Type,R;PracWorks-HB-N-20-RD-PO-NO;HB-N-20
PracWorks;PracWorks;1425;926,25;25;7;HB-N-20-RD-MA-RA;PracWorks Honda B-Series Intake Manifold Red Matte Rail ;;Home;PracWorks Honda B-Series Intake Manifold Red Matte Rail ;PracWorks,Prac,Works,HB-N-20-RD-MA-RA,Honda,B,Series,Intake,Manifold,Red,Matte,Rail,B,series,GSR,and,Type,R;PracWorks,Prac,Works,HB-N-20-RD-MA-RA,Honda,B,Series,Intake,Manifold,Red,Matte,Rail,B,series,GSR,and,Type,R;PracWorks-HB-N-20-RD-MA-RA;HB-N-20
PracWorks;PracWorks;1300;845;25;7;HB-N-20-RD-MA-NO;PracWorks Honda B-Series Intake Manifold Red Matte No Rail ;;Home;PracWorks Honda B-Series Intake Manifold Red Matte No Rail ;PracWorks,Prac,Works,HB-N-20-RD-MA-NO,Honda,B,Series,Intake,Manifold,Red,Matte,No,Rail,B,series,GSR,and,Type,R;PracWorks,Prac,Works,HB-N-20-RD-MA-NO,Honda,B,Series,Intake,Manifold,Red,Matte,No,Rail,B,series,GSR,and,Type,R;PracWorks-HB-N-20-RD-MA-NO;HB-N-20
PracWorks;PracWorks;1625;1056,25;25;7;HX-N-00-BK-PO;PracWorks Honda K20C1 Intake Manifold Black Polished ;;Home;PracWorks Honda K20C1 Intake Manifold Black Polished ;PracWorks,Prac,Works,HX-N-00-BK-PO,Honda,K20C1,Intake,Manifold,Black,Polished,Honda,FK2,FK8,FL5;PracWorks,Prac,Works,HX-N-00-BK-PO,Honda,K20C1,Intake,Manifold,Black,Polished,Honda,FK2,FK8,FL5;PracWorks-HX-N-00-BK-PO;HX-N-00
PracWorks;PracWorks;1725;1121,25;25;7;HX-N-00-BK-MA;PracWorks Honda K20C1 Intake Manifold Black Matte ;;Home;PracWorks Honda K20C1 Intake Manifold Black Matte ;PracWorks,Prac,Works,HX-N-00-BK-MA,Honda,K20C1,Intake,Manifold,Black,Matte,Honda,FK2,FK8,FL5;PracWorks,Prac,Works,HX-N-00-BK-MA,Honda,K20C1,Intake,Manifold,Black,Matte,Honda,FK2,FK8,FL5;PracWorks-HX-N-00-BK-MA;HX-N-00
PracWorks;PracWorks;1550;1007,5;25;7;HX-N-00-RD-PO;PracWorks Honda K20C1 Intake Manifold Red Polished ;;Home;PracWorks Honda K20C1 Intake Manifold Red Polished ;PracWorks,Prac,Works,HX-N-00-RD-PO,Honda,K20C1,Intake,Manifold,Red,Polished,Honda,FK2,FK8,FL5;PracWorks,Prac,Works,HX-N-00-RD-PO,Honda,K20C1,Intake,Manifold,Red,Polished,Honda,FK2,FK8,FL5;PracWorks-HX-N-00-RD-PO;HX-N-00
PracWorks;PracWorks;1650;1072,5;25;7;HX-N-00-RD-MA;PracWorks Honda K20C1 Intake Manifold Red Matte ;;Home;PracWorks Honda K20C1 Intake Manifold Red Matte ;PracWorks,Prac,Works,HX-N-00-RD-MA,Honda,K20C1,Intake,Manifold,Red,Matte,Honda,FK2,FK8,FL5;PracWorks,Prac,Works,HX-N-00-RD-MA,Honda,K20C1,Intake,Manifold,Red,Matte,Honda,FK2,FK8,FL5;PracWorks-HX-N-00-RD-MA;HX-N-00
PracWorks;PracWorks;2000;1300;25;7;HX-N-00-BK-PO-RA;PracWorks Honda K20C1 Intake Manifold Port Injection Black Polished Rail ;;Home;PracWorks Honda K20C1 Intake Manifold Port Injection Black Polished Rail ;PracWorks,Prac,Works,HX-N-00-BK-PO-RA,Honda,K20C1,Intake,Manifold,Port,Injection,Black,Polished,Rail,Honda,FK2,FK8,FL5;PracWorks,Prac,Works,HX-N-00-BK-PO-RA,Honda,K20C1,Intake,Manifold,Port,Injection,Black,Polished,Rail,Honda,FK2,FK8,FL5;PracWorks-HX-N-00-BK-PO-RA;HX-N-00
PracWorks;PracWorks;1875;1218,75;25;7;HX-N-00-BK-PO-NO;PracWorks Honda K20C1 Intake Manifold Port Injection Black Polished No Rail ;;Home;PracWorks Honda K20C1 Intake Manifold Port Injection Black Polished No Rail ;PracWorks,Prac,Works,HX-N-00-BK-PO-NO,Honda,K20C1,Intake,Manifold,Port,Injection,Black,Polished,No,Rail,Honda,FK2,FK8,FL5;PracWorks,Prac,Works,HX-N-00-BK-PO-NO,Honda,K20C1,Intake,Manifold,Port,Injection,Black,Polished,No,Rail,Honda,FK2,FK8,FL5;PracWorks-HX-N-00-BK-PO-NO;HX-N-00
PracWorks;PracWorks;2100;1365;25;7;HX-N-00-BK-MA-RA;PracWorks Honda K20C1 Intake Manifold Port Injection Black Matte Rail ;;Home;PracWorks Honda K20C1 Intake Manifold Port Injection Black Matte Rail ;PracWorks,Prac,Works,HX-N-00-BK-MA-RA,Honda,K20C1,Intake,Manifold,Port,Injection,Black,Matte,Rail,Honda,FK2,FK8,FL5;PracWorks,Prac,Works,HX-N-00-BK-MA-RA,Honda,K20C1,Intake,Manifold,Port,Injection,Black,Matte,Rail,Honda,FK2,FK8,FL5;PracWorks-HX-N-00-BK-MA-RA;HX-N-00
PracWorks;PracWorks;1975;1283,75;25;7;HX-N-00-BK-MA-NO;PracWorks Honda K20C1 Intake Manifold Port Injection Black Matte No Rail ;;Home;PracWorks Honda K20C1 Intake Manifold Port Injection Black Matte No Rail ;PracWorks,Prac,Works,HX-N-00-BK-MA-NO,Honda,K20C1,Intake,Manifold,Port,Injection,Black,Matte,No,Rail,Honda,FK2,FK8,FL5;PracWorks,Prac,Works,HX-N-00-BK-MA-NO,Honda,K20C1,Intake,Manifold,Port,Injection,Black,Matte,No,Rail,Honda,FK2,FK8,FL5;PracWorks-HX-N-00-BK-MA-NO;HX-N-00
PracWorks;PracWorks;1925;1251,25;25;7;HX-N-00-RD-PO-RA;PracWorks Honda K20C1 Intake Manifold Port Injection Red Polished Rail ;;Home;PracWorks Honda K20C1 Intake Manifold Port Injection Red Polished Rail ;PracWorks,Prac,Works,HX-N-00-RD-PO-RA,Honda,K20C1,Intake,Manifold,Port,Injection,Red,Polished,Rail,Honda,FK2,FK8,FL5;PracWorks,Prac,Works,HX-N-00-RD-PO-RA,Honda,K20C1,Intake,Manifold,Port,Injection,Red,Polished,Rail,Honda,FK2,FK8,FL5;PracWorks-HX-N-00-RD-PO-RA;HX-N-00
PracWorks;PracWorks;1800;1170;25;7;HX-N-00-RD-PO-NO;PracWorks Honda K20C1 Intake Manifold Port Injection Red Polished No Rail ;;Home;PracWorks Honda K20C1 Intake Manifold Port Injection Red Polished No Rail ;PracWorks,Prac,Works,HX-N-00-RD-PO-NO,Honda,K20C1,Intake,Manifold,Port,Injection,Red,Polished,No,Rail,Honda,FK2,FK8,FL5;PracWorks,Prac,Works,HX-N-00-RD-PO-NO,Honda,K20C1,Intake,Manifold,Port,Injection,Red,Polished,No,Rail,Honda,FK2,FK8,FL5;PracWorks-HX-N-00-RD-PO-NO;HX-N-00
PracWorks;PracWorks;2025;1316,25;25;7;HX-N-00-RD-MA-RA;PracWorks Honda K20C1 Intake Manifold Port Injection Red Matte Rail ;;Home;PracWorks Honda K20C1 Intake Manifold Port Injection Red Matte Rail ;PracWorks,Prac,Works,HX-N-00-RD-MA-RA,Honda,K20C1,Intake,Manifold,Port,Injection,Red,Matte,Rail,Honda,FK2,FK8,FL5;PracWorks,Prac,Works,HX-N-00-RD-MA-RA,Honda,K20C1,Intake,Manifold,Port,Injection,Red,Matte,Rail,Honda,FK2,FK8,FL5;PracWorks-HX-N-00-RD-MA-RA;HX-N-00
PracWorks;PracWorks;1900;1235;25;7;HX-N-00-RD-MA-NO;PracWorks Honda K20C1 Intake Manifold Port Injection Red Matte No Rail ;;Home;PracWorks Honda K20C1 Intake Manifold Port Injection Red Matte No Rail ;PracWorks,Prac,Works,HX-N-00-RD-MA-NO,Honda,K20C1,Intake,Manifold,Port,Injection,Red,Matte,No,Rail,Honda,FK2,FK8,FL5;PracWorks,Prac,Works,HX-N-00-RD-MA-NO,Honda,K20C1,Intake,Manifold,Port,Injection,Red,Matte,No,Rail,Honda,FK2,FK8,FL5;PracWorks-HX-N-00-RD-MA-NO;HX-N-00
PracWorks;PracWorks;275;178,75;25;7;HK-V-01-BK;PracWorks Honda K-series Coil Cover Black ;;Home;PracWorks Honda K-series Coil Cover Black ;PracWorks,Prac,Works,HK-V-01-BK,Honda,K,series,Coil,Cover,Black,K,series,Engine;PracWorks,Prac,Works,HK-V-01-BK,Honda,K,series,Coil,Cover,Black,K,series,Engine;PracWorks-HK-V-01-BK;HK-V-01
PracWorks;PracWorks;200;130;25;7;HK-V-01-RD;PracWorks Honda K-series Coil Cover Red ;;Home;PracWorks Honda K-series Coil Cover Red ;PracWorks,Prac,Works,HK-V-01-RD,Honda,K,series,Coil,Cover,Red,K,series,Engine;PracWorks,Prac,Works,HK-V-01-RD,Honda,K,series,Coil,Cover,Red,K,series,Engine;PracWorks-HK-V-01-RD;HK-V-01
PracWorks;PracWorks;250;162,5;25;7;UFP-6-3.25;"PracWorks Universal 6"" Carbon Fiber Filter Pipe ";;Home;"PracWorks Universal 6"" Carbon Fiber Filter Pipe ";"PracWorks,Prac,Works,UFP-6-3.25,Universal,6"",Carbon,Fiber,Filter,Pipe";"PracWorks,Prac,Works,UFP-6-3.25,Universal,6"",Carbon,Fiber,Filter,Pipe";PracWorks-UFP-6-325;UFP-6-3.25
